-- phpMyAdmin SQL Dump
-- version 3.4.11.1deb2+deb7u1
-- http://www.phpmyadmin.net
--
-- Хост: localhost
-- Время создания: Янв 19 2016 г., 17:16
-- Версия сервера: 5.5.41
-- Версия PHP: 5.4.39-0+deb7u2

SET SQL_MODE="NO_AUTO_VALUE_ON_ZERO";
SET time_zone = "+00:00";


/*!40101 SET @OLD_CHARACTER_SET_CLIENT=@@CHARACTER_SET_CLIENT */;
/*!40101 SET @OLD_CHARACTER_SET_RESULTS=@@CHARACTER_SET_RESULTS */;
/*!40101 SET @OLD_COLLATION_CONNECTION=@@COLLATION_CONNECTION */;
/*!40101 SET NAMES utf8 */;

--
-- База данных: `fiwall`
--

-- --------------------------------------------------------

--
-- Структура таблицы `yupe_blog_blog`
--

CREATE TABLE IF NOT EXISTS `yupe_blog_blog` (
  `id` int(11) NOT NULL AUTO_INCREMENT,
  `category_id` int(11) DEFAULT NULL,
  `name` varchar(250) NOT NULL,
  `short` text,
  `description` text,
  `icon` varchar(250) NOT NULL DEFAULT '',
  `slug` varchar(150) NOT NULL,
  `lang` char(2) DEFAULT NULL,
  `type` int(11) NOT NULL DEFAULT '1',
  `status` int(11) NOT NULL DEFAULT '1',
  `create_user_id` int(11) NOT NULL,
  `update_user_id` int(11) NOT NULL,
  `create_time` int(11) NOT NULL,
  `update_time` int(11) NOT NULL,
  `member_status` int(11) NOT NULL DEFAULT '1',
  `post_status` int(11) NOT NULL DEFAULT '1',
  PRIMARY KEY (`id`),
  UNIQUE KEY `ux_yupe_blog_blog_slug_lang` (`slug`,`lang`),
  KEY `ix_yupe_blog_blog_create_user` (`create_user_id`),
  KEY `ix_yupe_blog_blog_update_user` (`update_user_id`),
  KEY `ix_yupe_blog_blog_status` (`status`),
  KEY `ix_yupe_blog_blog_type` (`type`),
  KEY `ix_yupe_blog_blog_create_date` (`create_time`),
  KEY `ix_yupe_blog_blog_update_date` (`update_time`),
  KEY `ix_yupe_blog_blog_lang` (`lang`),
  KEY `ix_yupe_blog_blog_slug` (`slug`),
  KEY `ix_yupe_blog_blog_category_id` (`category_id`)
) ENGINE=InnoDB  DEFAULT CHARSET=utf8 AUTO_INCREMENT=7 ;

--
-- Дамп данных таблицы `yupe_blog_blog`
--

INSERT INTO `yupe_blog_blog` (`id`, `category_id`, `name`, `short`, `description`, `icon`, `slug`, `lang`, `type`, `status`, `create_user_id`, `update_user_id`, `create_time`, `update_time`, `member_status`, `post_status`) VALUES
(1, 11, 'Иск к Робокассе первая группа', '<p style="text-align:justify;"><span style="font-size:16px;">Получив множественные запросы от потерпевших клиентов форекса ММСИС и Милл Трэйд, Finprotected принялась за организацию групповых исков к платежным системам. Большое количество платежей проводилось с помощью платежного агрегатора Робокасса. Изучив организацию приема платежей форекса ММСИС через Робокассу при проведении платежей было выявлено нарушение законодательства РФ .</span></p>', '<div><span style="font-size:16px;"><br /></span></div><div><span style="font-size:16px;">Получив множественные запросы от  потерпевших клиентов форекса ММСИС и Милл Трэйд, Finprotected принялась за организацию групповых исков к платежным системам. Большое количество платежей проводилось с помощью платежного агрегатора Робокасса. Изучив организацию приема платежей форекса ММСИС через Робокассу при проведении платежей было выявлено нарушение законодательства РФ . </span></div><div><span style="font-size:16px;"><br /></span></div><div style="text-align:justify;"><span style="font-size:16px;">Чтобы избежать штрафных санкций со стороны Visa и Master Card и не возвращать средства плательщиков по процедуре опротестования платежей chargeback, платежной системе пришлось изменить финансовую схему работы. Новая озвученная схема работы не соответствовала нормам Российского законодательства, что позволяет начать судебное дело для возврата средств плательщиков. Дело будет подаваться с суд общей юрисдикции. Место проведения суда г. Москва.</span></div><div style="text-align:justify;"><span style="font-size:16px;"><br /></span></div><div style="text-align:justify;"><span style="font-size:16px;">Иск к платежной системе заключаться в том, что платежная система Робокасса не имела права переводить средства в компании ММСИС свыше 15 тыс руб и более 40 тыс руб в мес без идентификации. На основании полученных отказов банков экваеров в проведении процедуры возврата по правилам Международных платежных систем, а также полученной информации от платежной системы Робокассы, Finprotected приняла решение помочь потерпевшим в организации   судебного дела к компании Робокасса. </span></div><div style="text-align:justify;"><span style="font-size:16px;"><br /></span></div><div style="text-align:justify;"><span style="font-size:16px;">Группа  от 20 человек.<br /></span></div><p style="text-align:justify;"><span style="font-size:16px;">Статус: в группе есть места, желающие могут присоединиться.</span></p>', 'a6d752f0076cb1f3eb49cc37463eea8f.jpg', 'isk-k-robokasse-pervaya-gruppa', NULL, 1, 1, 1, 1, 1437756101, 1444990686, 1, 1),
(2, 11, '​Иск к Рбк money первая группа', '<p style="text-align:justify;"><span style="font-size:16px;">Групповой иск по делу ММСИС и МИЛ Трейд  к агрегатору платежей   "РКБ мани" аналогичен иску к платежной системе  <a href="http://finprotected.com/blogs/isk-k-robokasse-pervaya-gruppa">"Робокасса"</a>. На РБК мани пришло не меньше обращений от потерпевших клиентов форекса ММСИС и Милл Трэйд , чем на Робокассу, По этой причине Finprotected  начал работы  по организации групповых исков  и к этой платежной системе. Большое количество платежей на крупные суммы проводилось именно через сервис данного платежного агрегатора. Изучив в рамках дела схему приема платежей,  в работе РБК мани при проведении транзакций были найдены несоответствия законодательству РФ.</span><span style="font-size:16px;"></span></p><p style="text-align:justify;"><span style="font-size:16px;"></span></p><div><br /></div>', '<p><span style="font-size:16px;">Групповой иск по делу ММСИС и МИЛ Трейд к агрегатору платежей "РКБ мани" аналогичен иску к платежной системе <a href="http://finprotected.com/blogs/isk-k-robokasse-pervaya-gruppa">"Робокасса"</a>. На РБК мани пришло не меньше обращений от потерпевших клиентов форекса ММСИС и Милл Трэйд , чем на Робокассу, По этой причине Finprotected  начал работы  по организации групповых исков  и к этой платежной системе. Большое количество платежей на крупные суммы проводилось именно через сервис данного платежного агрегатора. Изучив в рамках дела схему приема платежей, в работе РБК мани при проведении транзакций были найдены несоответствия законодательству РФ.</span></p><div style="text-align:justify;"><span style="font-size:16px;"></span></div><div style="text-align:justify;"><span style="font-size:16px;">Чтобы избежать штрафные санкций со стороны Visa и Master Card и не возвращать средства плательщиков по процедуре опротестования платежей chargeback, платежной системе пришлось изменить финансовую схему работы. Новая озвученная схема работы не соответствовала нормам Российского законодательства, что позволило начать судебное дело. Дело будет подаваться с суд общей юрисдикции. Место проведения суда г. Москва.</span></div><div style="text-align:justify;"><span style="font-size:16px;"><br /></span></div><div style="text-align:justify;"><span style="font-size:16px;">Иск к платежной системе заключаться в том, что платежная система РБК мани не имела права переводить средства в компании ММСИС свыше 15 тыс руб и более 40 тыс руб в мес.</span></div><div style="text-align:justify;"><span style="font-size:16px;"><br /></span></div><div style="text-align:justify;"><span style="font-size:16px;">На основе полученных отказов банков эквайрингов о проведении процедуры возврата по правилам Международных платежных систем, а также полученной информации от платежной системы Робокассы, Finprotected приняла решение о начале судебного дела к компании РБК мани.<br /></span></div><div style="text-align:justify;"><span style="font-size:16px;"><br /></span></div><div style="text-align:justify;"><span style="font-size:16px;">Группа от 20 человек.</span></div><p style="text-align:justify;"><span style="font-size:16px;">Статус: в группе есть места, желающие могут присоединиться.</span></p><p style="text-align:justify;"><a href="http://vk.com/club97602818">http://vk.com/club97602818</a><br /></p><p style="text-align:justify;"><br /></p>', 'f523aafa3c70b0c8df43fc98f5f2c1d7.jpg', 'isk-k-rbk-money-pervaya-gruppa', NULL, 1, 1, 1, 1, 1437756141, 1444931966, 1, 1),
(3, 11, '​Иск к Деньги Online первая группа', '<p style="text-align:justify;"><span style="font-size:16px;">Проведя анализ схемы приема платежей форекса Mmcis и Mill trade, Finprotected приступил к подготовке группового иска. Участниками данного группового иска могут стать потерпевшие клиенты форекса ММСИС, совершавшие оплаты за консалтинговые услуги через сайты Eagle-cross и Grand perform с помощью банковской карты.</span></p>', '<p style="text-align:justify;"><span style="font-size:16px;"><br /></span>\n</p><p style="text-align:justify;"><span style="font-size:16px;">Проведя анализ  схемы приема платежей форекса Mmcis и Mill trade, Finprotected приступил к подготовке группового иска. Участниками данного группового иска могут стать потерпевшие клиенты форекса ММСИС, совершавшие оплаты за консалтинговые услуги через сайты Eagle-cross и Grand perform с помощью банковской карты. Прием платежей для данных сайтов осуществляла компания КФЦ Эквайринг,  под торговой маркой Деньги online. В ходе анализа схемы приема платежей были изучены:оферта ММСИС, оферта Деньги online, оферта Игл кросс и Гранд перформ, выписки плательщиков из банков, заявления и ответы на чарджбэк.</span><span></span>\n</p><div style="text-align:justify;"><span style="font-size:16px;"><br /></span>\n</div><p style="text-align:justify;"><span style="font-size:16px;"> Проведенный анализ показал, что «КФЦ Эквайринг» не имел права принимать платежи и выполнять переводы, так как у компании отсутствовали необходимые разрешения. Исследование из различных интернет источников, в том числе заявления руководства форексов, указывали на то, что  КФЦ Эквайринг не только не имел права выполнять переводы, но и в последние месяцы не перечислил собранные с плательщиков деньги в Eagle-cross и Grand perform.</span><span></span>\n</p><div style="text-align:justify;"><span style="font-size:16px;"><br /></span>\n</div><p style="text-align:justify;"><span style="font-size:16px;">Групповой иск к Деньги online отличается от ранее поданных исков на другие платежные системы работавшие с ММСИС и Милл трейд (Робокасса, РБК мани). Иск к «КФЦ Эквайринг» может быть организован в рамках закона "О защите прав потребителей" или на основании нарушения ФЗ 161, если рассматривать дело в арбитражном суде. Основанием для иска является признание сделки ничтожной. Суд будет организован по месту регистрации фирмы ответчика г. Санкт-Петербург.</span></p><div style="text-align:justify;">\n</div><p style="text-align:justify;"><br /></p><div style="text-align:justify;">\n</div><p style="text-align:justify;"><span style="font-size:16px;">Ориентировочная стоимость присоединения к иску составляет около 6 тр. Вознаграждение Finprotected 10% от суммы возвращенных средств. Для участия в иске следует связаться с нашими сотрудниками и заключить договор.</span>\n</p><p style="text-align:justify;"><br /></p><p style="text-align:justify;"><span style="font-size:16px;">Cтатус: проходит набор в группу.<br /></span>\n</p><p style="text-align:justify;"><a href="http://vk.com/club97635496"><span style="font-size:16px;"></span></a><a href="http://vk.com/club97635496">http://vk.com/club97635496</a>\n</p><p style="text-align:justify;"><br /></p>', 'ead1620354a0954045ae4de4e28674fd.jpg', 'isk-k-dengi-online-pervaya-gruppa', NULL, 1, 1, 1, 1, 1437756201, 1444930041, 1, 1),
(4, 11, 'Иск к Робокассе вторая группа.', '<p style="text-align:justify;"><span style="font-size:16px;">В связи с тем, что число заявок в групповой иск к  агрегатору  Робокасса оказалось больше ожидаемого,  начат набор  второй  группы участников.  Иск второй группы к  Робокассе  полностью аналогичен иску первой группы и ознакомится с ним можно по <a href="http://finprotected.com/blogs/isk-k-robokasse-pervaya-gruppa">ссылке</a>. </span></p>', '<p style="text-align:justify;"><span style="font-size:16px;"><br /></span></p><p style="text-align:justify;"><span style="font-size:16px;">В связи с тем, что число заявок в групповой иск к  агрегатору  Робокасса оказалось больше ожидаемого,  начат набор  второй  группы участников.  Иск второй группы к  Робокассе  полностью аналогичен иску первой группы и ознакомится с ним можно по <a href="http://finprotected.com/blogs/isk-k-robokasse-pervaya-gruppa">ссылке</a>. .</span></p><p style="text-align:justify;"><span style="font-size:16px;">При проведении платежей  форексов  ММСИС и Мил трейд  платежный сервис  Робокасса проводил платежи  с нарушениями законодательства ФЗ 161 .<br /></span></p><div style="text-align:justify;"><span style="font-size:16px;">Чтобы избежать штрафные санкций со стороны Visa и Master Card и не возвращать средства плательщиков по процедуре опротестования платежей (chargeback), платежной системе пришлось изменить финансовую схему работы. Новая озвученная схема работы не соответствовала нормам Российского законодательства, что позволяет начать судебное дело. Дело будет подаваться с суд общей юрисдикции. Место проведения суда г. Москва.</span></div><div style="text-align:justify;"><span style="font-size:16px;">Иск к платежной системе заключаться в том, что платежная система Робокасса не имела права переводить средства в компании ММСИС свыше 15 тыс руб и более 40 тыс руб в мес.</span></div><div style="text-align:justify;"><span style="font-size:16px;">На основании информации полученной из  отказов банков экваеров о проведении процедуры возврата по правилам Международных платежных систем, а также полученной информации от платежной системы Робокассы, Finprotected взял на себя организацию судебного дела к компании Робокасса.<br /></span></div><div style="text-align:justify;"><span style="font-size:16px;">Статус: в группе есть места, желающие могут присоединиться. Стоимость присоединения 12785 руб.<br /></span></div><p style="text-align:justify;"><span style="font-size:16px;">Иск к Робокассе 2я группа.</span></p>    <p style="text-align:justify;"><span style="font-size:16px;">Основание: признание сделки ничтожной в следствии нарушения ФЗ 161, ФЗ 103, ФЗ 105.</span></p>    <p style="text-align:justify;"><span style="font-size:16px;">Статус: набор группы</span></p>    <p style="text-align:justify;"><br /></p><p style="text-align:justify;"><br /></p>', 'c8c99dd3c7b5fc2bad5e86b291a7138c.jpg', 'isk-k-robokasse-vtoraya-gruppa', NULL, 1, 1, 1, 1, 1437756253, 1444991811, 1, 1),
(5, 12, 'Vkupon.ru возврат через чарджбэк ', '<p style="text-align:justify;"><span style="font-size:16px;"><span style="font-size:16px;"><span style="font-size:16px;"><span style="font-size:16px;"><span style="font-size:16px;"></span></span></span></span><br /></span></p><p style="text-align:justify;"><span style="font-size:16px;">Большое число интернет пользователей совершая покупки через интернет сталкиваются с различимыми неприятностями. В подобную ситуацию попал наш клиент, приобретя со "скидкой" внешний диск у купонатора Vkupon.ru. Казалось бы "выгодная" покупка  в итоге превратилась в четырех месячные разбирательства с интернет магазином. Обманутый клиент не получил свою  покупку и не смог   вернуть назад деньги. Испробовав  все доступные</span><span style="font-size:16px;"> варианты, пострадавший обратился в Finprotected.</span></p>', '<p style="text-align:justify;"><span style="font-size:16px;">В Finprotected пришло обращение от потерпевшего потребителя интернет купонатора Vkupon.ru.</span><span style="font-size:16px;"></span><br /></p><div style="text-align:justify;"><span style="font-size:16px;">У обратившегося возникли проблемы с получением товара, приобретенного у купонатора более 6 месяцев назад. В течении полугода пострадавший не однократно обращался в Vkupone.ru с просьбой возвратить ему денежные средства за не доставленный товар. На момент обращения потерпевшего в Finprotected, срок опротестования покупки в до судебном порядке уже вышел. А поскольку судебные издержки значительно превышали стоимость товара, то у потребителя особых надежд на возврат не было.</span>\n</div><div style="text-align:justify;"><span style="font-size:16px;"><br /></span>\n</div><div style="text-align:justify;"><span style="font-size:16px;">Finprotected изучив предоставленные потребителем документы и информацию, провел аудит схемы работы Vkupon.ru. С подробными результатами данного аудита можно ознакомиться в соответствующем разделе сайта ССЫЛКА.</span>\n</div><div style="text-align:justify;"><span style="font-size:16px;"><br /></span>\n</div><div style="text-align:justify;"><span style="font-size:16px;">Аудит показал, что входе совершения покупки потерпевший оплатил не возможность получения скидки, а полную стоимость приобретаемого товара.  Не смотря на условия оферты Vkupon.ru,  согласно  в которой,  ответственность за доставку и возврат средств несет продавец,  в данном случае, по мнению Finprotected,<span class="redactor-invisible-space"> ответственность лежит на купанаторе.  </span>Поскольку:</span>\n</div><div style="text-align:justify;"><span style="font-size:16px;">- истинный поставщик товара не был указан;</span></div><div style="text-align:justify;"><span style="font-size:16px;">- денежные средства в полном размере поступили на счета сервиса Vkupon.ru.;</span></div><div style="text-align:justify;"><span style="font-size:16px;">- иных торговых сделок  с другими юр. лицами по покупке данного товара пользователь не осуществлял.</span></div><div style="text-align:justify;"><span style="font-size:16px;"><br /></span></div><div style="text-align:justify;"><span style="font-size:16px;">Заключение  Finpotected:  оферта размещенная на сайте Vkupon.ru не отражала сути фактически проведенной сделки, что позволяет провести оспаривание платежа в до судебном порядке</span>\n</div><div style="text-align:justify;"><span style="font-size:16px;"><br /></span>\n\n<div style="text-align:justify;"><span style="font-size:16px;"></span>\n</div><span style="font-size:16px;">Кроме того в  условиях приобретения товара был указан ориентировочный  срок  доставки до 10 недель с момента оплаты.</span></div><div style="text-align:justify;"><span style="font-size:16px;"><br /></span><span style="font-size:16px;"></span>\n<div style="text-align:justify;"><span style="font-size:16px;">По истечению этого срока, согласно предоставленной  переписки потерпевшим, служба поддержки сайта Vkupon.ru не однократно сообщала о том, что проводится перенос сроков по причине проблем на таможне и проблем  с почтовым сервисом. Предоставленная информация будет использована при подаче заявления об опротестовании платежа  для </span><span style="font-size:16px;">ходатайства об определении  срока исполнения сделки не на дату оплаты, а на заявленную  сервисом дату доставки.</span><br /></div>\n<p><span style="font-size:16px;"><br /></span>\n</p><span style="font-size:16px;"></span>\n<div style="text-align:justify;"><span style="font-size:16px;">Принято решение о опротестовании платежа на основании законодательства Российской Федерации и правил Международных платежных систем в до судебном порядке.</span><span style="font-size:16px;"> Ожидайте публикаций о ходе процесса.</span>\n</div>\n<div style="text-align:justify;"><span style="font-size:16px;"><br /></span>\n</div>\n<div style="text-align:justify;"><br /></div></div>', '3363d467151dc9f1b715b0cc125468d7.jpg', 'vkuponru-vozvrat-cherez-chardzhbek', NULL, 1, 1, 1, 1, 1439114095, 1444991009, 1, 1),
(6, 13, 'Возвращаем деньги вкладчиков Пантеон Финанс', '<p><span>ачав получать обращения потерпевших клиентов форекса Panteon Finance и Форекс Тренд Finprotected, принялся изучать финансовую схему работу данных форексов. Была изучена оферта компаний, проведен анализ приема платежей.</span></p><p><span>После этого Finprotected приняла решение вести дело потерпевших клиентов в рамках правил международных платежных систем (Visa/MasterCard).</span></p>', '<p style="text-align:justify;"><span style="font-size:16px;">Начав получать обращения потерпевших клиентов форекса Panteon Finance и Форекс Тренд Finprotected,  принялся изучать финансовую схему работу данных форексов. Была изучена оферта компаний, проведен анализ приема платежей. </span></p><p style="text-align:justify;"><span style="font-size:16px;">После этого Finprotected приняла решение вести дело потерпевших клиентов в рамках правил международных платежных систем (Visa/MasterCard).</span></p><p style="text-align:justify;"><span style="font-size:16px;">В рамках работы по опротестованию платежей Finprotected  изучает банковские выписки клиентов в компании форекс брокера. На основании полученных выписок и наименования банка готовятся документы необходимые для подачи в банки клиентов в соответствии с правилами опротестования операций Visa/MasterCard.</span></p><p style="text-align:justify;"><span style="font-size:16px;">Периодически потерпевшие клиенты обращаются в Finprotected с сообщением о не принятии документов банками клиентов. В этом случае команда Finprotected аргументы основанные на правилах международных платежных систем, согласно которым банки обязаны принять подготовленные ранее документы. </span></p><p style="text-align:justify;"><span style="font-size:16px;">В стоимость работ входят: анализ документ представленных клиентом, подготовка необходимых документов для подачи в банк клиент. Также в процессе всего времени нахождения документов в банке Finprotected будет при необходимости оказывать клиенту поддержку в рамках данного дела.</span></p><p style="text-align:justify;"><span style="font-size:16px;">Стоимость услуги 700 руб плюс 10% от суммы возврата.</span></p><p style="text-align:justify;"><br /></p>', '8f75caf4ad0330cf2e57670cbb441eea.jpg', 'vozvrashchaem-dengi-vkladchikov-panteon-finans', NULL, 2, 1, 4, 4, 1439405763, 1445031625, 1, 1);

-- --------------------------------------------------------

--
-- Структура таблицы `yupe_blog_post`
--

CREATE TABLE IF NOT EXISTS `yupe_blog_post` (
  `id` int(11) NOT NULL AUTO_INCREMENT,
  `blog_id` int(11) NOT NULL,
  `create_user_id` int(11) NOT NULL,
  `update_user_id` int(11) NOT NULL,
  `create_time` int(11) NOT NULL,
  `update_time` int(11) NOT NULL,
  `publish_time` int(11) NOT NULL,
  `slug` varchar(150) NOT NULL,
  `lang` char(2) DEFAULT NULL,
  `title` varchar(250) NOT NULL,
  `quote` text,
  `content` text NOT NULL,
  `link` varchar(250) NOT NULL DEFAULT '',
  `status` int(11) NOT NULL DEFAULT '0',
  `comment_status` int(11) NOT NULL DEFAULT '1',
  `create_user_ip` varchar(20) NOT NULL,
  `access_type` int(11) NOT NULL DEFAULT '1',
  `keywords` varchar(250) NOT NULL DEFAULT '',
  `description` varchar(250) NOT NULL DEFAULT '',
  `image` varchar(300) DEFAULT NULL,
  `category_id` int(11) DEFAULT NULL,
  PRIMARY KEY (`id`),
  UNIQUE KEY `ux_yupe_blog_post_lang_slug` (`slug`,`lang`),
  KEY `ix_yupe_blog_post_blog_id` (`blog_id`),
  KEY `ix_yupe_blog_post_create_user_id` (`create_user_id`),
  KEY `ix_yupe_blog_post_update_user_id` (`update_user_id`),
  KEY `ix_yupe_blog_post_status` (`status`),
  KEY `ix_yupe_blog_post_access_type` (`access_type`),
  KEY `ix_yupe_blog_post_comment_status` (`comment_status`),
  KEY `ix_yupe_blog_post_lang` (`lang`),
  KEY `ix_yupe_blog_post_slug` (`slug`),
  KEY `ix_yupe_blog_post_publish_date` (`publish_time`),
  KEY `ix_yupe_blog_post_category_id` (`category_id`)
) ENGINE=InnoDB  DEFAULT CHARSET=utf8 AUTO_INCREMENT=41 ;

--
-- Дамп данных таблицы `yupe_blog_post`
--

INSERT INTO `yupe_blog_post` (`id`, `blog_id`, `create_user_id`, `update_user_id`, `create_time`, `update_time`, `publish_time`, `slug`, `lang`, `title`, `quote`, `content`, `link`, `status`, `comment_status`, `create_user_ip`, `access_type`, `keywords`, `description`, `image`, `category_id`) VALUES
(1, 1, 1, 4, 1438307999, 1444413919, 1428134100, 'priglashaem-prinyat-uchastie-v-kollektivnom-iske-k-robokasse-mmcis', NULL, 'Приглашаем принять участие в коллективном иске к Робокассе. MMCIS.', '<p>Начат набор в группу  пострадавших инвесторов ММСИС плативших через сервис Робокасса с помощью банковских карт.</p>', '<p style="text-align: justify;"><span style="font-size: 16px;">Начат набор в группу  пострадавших инвесторов ММСИС плативших через сервис Робокасса с помощью банковской карты. Размер набираемой группы от 20 до 50 человек. Ориентировочная стоимость от  7 до 14 тыс рублей,  плюс 10% от суммы возвращенных средств.</span></p><p style="text-align: justify;"><span style="font-size: 16px;">Для ознакомления с условиями договора необходимо перейти по ссылке или можно скачать документ в нашей группе в социальной сети Вконтакте. Так же вы может позвонить нам по контактному телефону или отправить сообщение на почтовый адрес ceo@finprotected.com</span></p>', '', 1, 1, '188.242.41.29', 1, '', '', 'c9e9c70d782350a411ec4840e4495c64.jpg', NULL),
(2, 5, 1, 4, 1440098403, 1440603490, 1435076520, 'nachato-delo-po-oprotestovaniyu-platezha-vkuponru', NULL, 'Начато дело по опротестованию платежа. Vkupon.ru', '<p>От клиента были получены необходимые документы и информация, для составления заявления на опротестование платежа.</p>', '<p style="text-align: justify;"><span style="font-size: 16px;">От клиента были получены необходимые документы и информация, для составления заявления на опротестование платежа: сведение о товаре, переписка с купонатором, банковская выписка с платежом в купонатор, почтовое уведомление о приеме заказа, переписка с поддержкой купонатора с выяснением причины отсутствия заказа в установленные сроки доставки, и переписка с требованием вернуть деньги.<br></span></p><p style="text-align: justify;"><span style="font-size: 16px;"><br></span></p><p style="text-align: justify;"><span style="font-size: 16px;"><br></span></p><br>', '', 1, 1, '109.167.145.100', 1, '', '', '43d6be7fb7b1d5940bde0b94ceba16e9.jpg', NULL),
(3, 5, 1, 4, 1440098609, 1440603466, 1436282520, 'podano-zayavlenie-na-vozvrat-platezha-za-ne-vypolnennyy-zakaz-vkuponru', NULL, 'Подано заявление на возврат платежа за не выполненный заказ. Vkupon.ru', '<p>Сотрудникам Ситибанка принято заявление на опротестование платежа.<br></p>', '<p style="text-align: justify;"><span style="font-size: 16px;">Банк принял составленное командой Finprotected заявление на возврат. Стоит отметить, что сотрудники банка предварительно предоставили дополнительную информацию по форме подачи заявления, кроме того, сотрудник банка оперативно и без проволочек принял поданное заявление. Хотя в большинстве банков, операционисты не компетенты и не знают о существовании подобной процедуры. Подача подобного заявления в банк - является трудоемким процессом. В целом отметим в этой части дела высокий уровень качества работы Ситибанка.</span></p><p style="text-align: justify;"><o:p></o:p></p>', '', 1, 1, '109.167.145.100', 1, '', '', 'feaab1a36901f436a1014a1738263897.jpg', NULL),
(4, 5, 1, 4, 1440098678, 1440603734, 1440055380, 'dengi-vozvrashcheny-zayavlenie-udovletvoreno-vkuponru', NULL, 'Деньги возвращены. Заявление удовлетворено. Vkupon.ru', '<p>Finprotected вернул деньги пострадавшему. Дело по опротестованию платежа Vkupon.ru<span class="redactor-invisible-space"> закрыто.</span><br></p>', '<p><span style="font-size: 16px;">Завлечение на опротестования платежа было удовлетворено полностью. Уведомление о решении было получено десять дней назад. Сегодня денежные средства поступили на карточный счет нашего клиента. Дело по возврату платежа Vkupon.ru закрыто. Качественная работа Ситабанка по данному заявлению добавило несколько пунктов в <span class="redactor-invisible-space">рейтинге банков finprotected<span class="redactor-invisible-space">.</span></span></span></p><br>', '', 1, 1, '109.167.145.100', 1, '', '', '7127aa80a916eca69b4437abbd6df0ba.jpg', NULL),
(5, 4, 4, 4, 1440777581, 1445441060, 1444454100, 'isk-k-robokasse-vtoraya-gruppa', NULL, 'Иск к Робокассе вторая группа', '<p>Начат набор в группу пострадавших инвесторов ММСИС плативших через сервис Робокасса с помощью банковской карты. Размер набираемой группы от 20 до 50 человек. Ориентировочная стоимость от 7 до 14 тыс рублей, плюс 10% от суммы возвращенных средств. Для ознакомления с условиями договора необходимо перейти по ссылке. Также вы может позвонить нам по контактному телефону или отправить сообщение на почтовый адрес ceo@finprotected.com</p>', '<p>Начат набор в группу пострадавших инвесторов ММСИС плативших через сервис Робокасса с помощью банковской карты. Размер набираемой группы от 20 до 50 человек. Ориентировочная стоимость от 7 до 14 тыс рублей, плюс 10% от суммы возвращенных средств.</p><p>Для ознакомления с условиями договора необходимо перейти по <a href="https://www.dropbox.com/s/59cylzsz5f8qhg1/%D0%94%D0%9E%D0%93%D0%9E%D0%92%D0%9E%D0%A0%20%D0%A0%D0%9E%D0%91%D0%9E%D0%9A%D0%90%D0%A1%D0%A1%D0%90.docx?dl=0" target="_blank">ссылке</a>. Также вы может позвонить нам по контактному телефону или отправить сообщение на почтовый адрес ceo@finprotected.com</p>', '', 1, 1, '94.19.153.201', 1, '', '', 'fd75f0e66bcf5e2c9eae9084ccdcfd24.jpg', NULL),
(6, 2, 4, 4, 1440777692, 1445441162, 1440734400, 'isk-k-rbk-mani-pervaya-gruppa', NULL, 'ИСК к РБК мани первая группа', '<p>Начат набор в группу пострадавших инвесторов ММСИС плативших через сервис РКБ мани с помощью банковской карты. Размер набираемой группы от 20 до 50 человек. Ориентировочная стоимость от 7 до 14 тыс рублей, плюс 10% от суммы возвращенных средств.Для ознакомления с условиями договора необходимо перейти по ссылке или можно скачать документ в нашей группе в социальной сети Вконтакте. Так же вы может позвонить нам по контактному телефону или отправить сообщение на почтовый адрес ceo@finprotected.com</p>', '<p>Начат набор в группу пострадавших инвесторов ММСИС плативших через сервис РКБ мани с помощью банковской карты. Размер набираемой группы от 20 до 50 человек. Ориентировочная стоимость от 7 до 14 тыс рублей, плюс 10% от суммы возвращенных средств.</p><div><img src="http://finprotected.com/uploads/image/0b0f2e76eeb2696b867f2d1d69713ac8.jpg"><br></div><div>Для ознакомления с условиями договора необходимо перейти <a href="https://www.dropbox.com/s/8smo4qjpmvugeur/%D0%94%D0%9E%D0%93%D0%9E%D0%92%D0%9E%D0%A0%20%D0%A0%D0%91%D0%9A.docx?dl=0" target="_blank">ссылке</a> или можно скачать документ в нашей группе в социальной сети Вконтакте. Так же вы может позвонить нам по контактному телефону или отправить сообщение на почтовый адрес ceo@finprotected.com</div>', '', 1, 1, '94.19.153.201', 1, '', '', NULL, NULL),
(7, 3, 4, 4, 1440777790, 1444849743, 1444454160, 'isk-k-dengi-online-pervaya-gruppa', NULL, 'Иск к Деньги Online первая группа', '<p>Начат набор в группу пострадавших инвесторов ММСИС плативших через сервис Деньги Online с помощью банковской карты.Ориентировочная стоимость 6 тыс рублей, плюс 10% от суммы возвращенных средств.Для ознакомления с условиями договора необходимо перейти по ссылке или можно скачать документ в нашей группе в социальной сети Вконтакте. Так же вы может позвонить нам по контактному телефону или отправить сообщение на почтовый адрес ceo@finprotected.com</p>', '<p>Начат набор в группу пострадавших инвесторов ММСИС плативших через сервис Деньги Online с помощью банковской карты. Ориентировочная стоимость присоединения 6 тыс рублей, плюс 10% от суммы возвращенных средств.</p><div><img src="http://finprotected.com/uploads/image/813153321a5d80666095b837b3ef4f9e.jpg"><br></div><div>Для ознакомления с условиями договора необходимо перейти по ссылке или можно скачать документ в нашей группе в социальной сети Вконтакте. Так же вы может позвонить нам по контактному телефону или отправить сообщение на почтовый адрес ceo@finprotected.com</div>', '', 1, 1, '94.19.153.201', 1, '', '', '07b1d9b520e2c7d3bfb9c57a91358bc5.jpg', NULL),
(8, 6, 4, 4, 1440778009, 1444454076, 1444454040, 'vozvrat-sredstv-perechislennyh-v-foreks-panteon-finins-i-foreks-trend', NULL, 'Возврат средств перечисленных в форекс Пантеон фининс и Форекс тренд', '<p>Начат набор в группу пострадавших инвесторов Пантеон финанс и Форекс тренд плативших с помощью банковской карты. Стоимость 700 рублей, плюс 10% от суммы возвращенных средств.Для ознакомления вы может позвонить нам по контактному телефону или отправить сообщение на почтовый адрес ceo@finprotected.com</p>', '<p>Начат набор в группу пострадавших инвесторов Пантеон финанс и Форекс тренд плативших с помощью банковской карты. Стоимость 700 рублей, плюс 10% от суммы возвращенных средств. Для ознакомления вы может позвонить нам по контактному телефону или отправить сообщение на почтовый адрес ceo@finprotected.com</p>', '', 1, 1, '94.19.153.201', 1, '', '', '2d734beee4958ba16ef07c571e8560f4.jpg', NULL),
(9, 1, 4, 4, 1444230102, 1444414099, 1428592920, 'gruppa-vkontakte', NULL, 'Группа вконтакте', '<p>Создана зарытая группа вконтакте <a href="https://vk.com/club91683688">https://vk.com/club91683688</a>. В нее\r\nвступают участники подписавшие договор иск против Робококассы. В дальнейшем все\r\nновости будут публиковаться в ней. В первый день вступили 9 человек,\r\nподписавших договор.</p>', '<p>Создана зарытая группа вконтакте <a href="https://vk.com/club91683688">https://vk.com/club91683688</a>. В нее\r\nвступают участники подписавшие договор иск против Робококассы. В дальнейшем все\r\nновости будут публиковаться в ней. В первый день вступили 9 человек,\r\nподписавших договор.</p>', '', 1, 1, '94.19.153.201', 1, '', '', '42dd00afdf83f6aab43d0f7bd9bf2c1e.jpg', NULL),
(10, 1, 4, 4, 1444230962, 1444233014, 1429556820, 'opublikovan-dogovor-s-yuristom', NULL, 'Опубликован договор с юристом ', '<p>Дело Робокасса 1 взялся вести юрист имеющий опыт работы в платежной системе. Эксперт-консультант по юридическим вопросам связанным с мошенничеством в интернете. <span class="redactor-invisible-space">Электронный ящик юриста lawyer@finprotected.ru</span></p>', '<p>Дело Робокасса 1 взялся вести юрист имеющий опыт работы в платежной системе. Эксперт-консультант по юридическим вопросам связанным с мошенничеством в интернете. Электронный ящик юриста lawyer@finprotected.ru<span class="redactor-invisible-space"></span></p>', '', 0, 1, '94.19.153.201', 1, '', '', NULL, NULL),
(11, 1, 4, 4, 1444231207, 1444414425, 1429794960, 'spisok-dokumentov-trebuemyh-dlya-podachi-v-sud', NULL, '   Список документов требуемых для подачи в суд', '<p>   Список документов требуемых для подачи в суд.</p>', '<div>   Список документов требуемых для подачи в суд.</div><div><br></div><div> 1.1. Соглашение о неразглашении;</div><div>    1.2. Ответ от банка выдавшего карту (отказ возврата по процедуре chargeback);</div><div>    1.3. Нотариальный осмотр ЛК (подтверждение не идентификации клиента, история платежей в Робокассу, квитанции по каждому платежу в Робокассу).</div><div>    1.4. Адрес регистации и адрес проживания (если не совпадает);</div><div>    1.5. Нотариальная доверенность;</div><div>    1.6. Выписки из Банк с платежами через ПС Робокасса.</div><div><br></div><div>- документ, подтверждающий принадлежность платежного средства - например, банковской карты - Истцу (это может быть справка банка-эмитента, контракт или договор с банком-эмитентом);</div><div>- документ, подтверждающий движение денежных средств с платежного средства - например, банковской карты - Истца в пользу Ответчика (это могут быть справки, выписки и иное от банка-эмитента);</div><div>- нотариальные копии нотариальной доверенности – 2 шт.;</div><div>- оригинал квитанции/платежного поручения об оплате соответствующей государственной пошлины (со всеми оригинальными отметками банка) - сумма к оплате будет сообщена позже, так как рассчитывается на основании итоговой суммы исковых требований Истца;</div><div>- копии всех предоставляемых в суд документов - это будет являться приложением к исковому заявлению в качестве копий, которые по закону Истец обязан предоставить Ответчику.</div><p><br></p>', '', 1, 1, '94.19.153.201', 1, '', '', '0359a9c7b210c7ae59e02f2fe0a22e9e.jpg', NULL),
(12, 1, 4, 4, 1444231366, 1445255399, 1430106780, 'sbor-gruppy-zavershen', NULL, 'Сбор группы завершен', '<p>Сбор группы завершен. Всего подписали 21 человек.</p>', '<p>Сбор группы завершен. Всего подписали 21 человек. С группой обсуждается план работ. Ищется адвокат имеющий опыт работы в банковской сфере. <span class="redactor-invisible-space"></span></p>', '', 1, 1, '94.19.153.201', 1, '', '', '0777beecb6e117e1a6c9b2d150884c3b.jpg', NULL),
(13, 1, 4, 4, 1444231595, 1444415287, 1430191320, 'pismo-v-zao-okean-bank', NULL, 'Письмо в ЗАО «Океан банк» ', '<p>Отправлено письмо в ЗАО «Океан банк».</p>', '<p style="margin-left: 20px;">Председателю правления ЗАО «Океан банк» г-ну Конькову было отправлено письмо с предложение урегулировать вопрос в досудебном порядке<span class="redactor-invisible-space">. Письмо было направленно по маилу от лица нашей группы. Были приложены доказательства. Надеемся получить ответ в течении 2х недель.</span><span class="redactor-invisible-space"></span></p>', '', 1, 1, '94.19.153.201', 1, '', '', '9b2c75dbc6d4df9be29f4d528b17c1a6.jpg', NULL),
(14, 1, 4, 4, 1444232748, 1444416680, 1431747660, 'vstrecha-s-advokatom-iz-leningradskoy-oblastnoy-kollegii-advokatov', NULL, '​​Встреча с адвокатом из Ленинградской областной коллегии адвокатов​', '<p>Встреча с адвокатом из Ленинградской областной коллегии адвокатов.</p>', '<p>Встреча с адвокатом из Ленинградской областной коллегии адвокатов, Леонидом. Обсуждалось дело и варианты решения.<span class="redactor-invisible-space"> Переданы документы для изучения дела.</span></p>', '', 1, 1, '94.19.153.201', 1, '', '', '21f830a8f5f2aaa73aa5013c4d332f4e.jpg', NULL),
(15, 1, 4, 4, 1444253736, 1445440793, 1432461240, 'opublikovan-dogovor', NULL, '​Опубликован договор', '<p>Опубликован договор</p>', '<p>Опубликован договор. Расчет стоимости участия в иске на 21 человек составило 12785 руб. В него включены подготовка искового, передача документов суд и три заседания юриста в cуде.  Договор можно посмотреть пройдя по <a href="https://www.dropbox.com/s/59cylzsz5f8qhg1/%D0%94%D0%9E%D0%93%D0%9E%D0%92%D0%9E%D0%A0%20%D0%A0%D0%9E%D0%91%D0%9E%D0%9A%D0%90%D0%A1%D0%A1%D0%90.docx?dl=0" target="_blank">ссылке</a>.</p>', '', 1, 1, '94.19.153.201', 1, '', '', '9b4ab1677c4e3dae8efd4b1517c1eddc.jpg', NULL),
(16, 1, 4, 4, 1444306340, 1444452342, 1432638540, 'rekvizity-dlya-oplaty', NULL, 'Реквизиты для оплаты.', '<p>Отправлены реквизиты для оплаты</p>', '<p>Отправлены\r\nреквизиты для оплаты<o:p></o:p>:</p><p>ООО "Турин-Медиа"</p><p>Сч. номер:40702810800000023233</p><p>Кор. счет. 30101810000000000852</p><p>БИК 044030852</p><p>Банк: ОАО "<span class="il">ПСКБ</span>"</p><p>После оплаты на счет рекомендуем клиентам отписаться об оплате.</p>', '', 1, 1, '81.222.84.187', 1, '', '', 'c8fe2444ce4d8e4cbfead5a9f1c7570d.jpg', NULL),
(17, 1, 4, 4, 1444306590, 1444417694, 1432573980, 'ne-poluchenie-otveta-ot-okean-banka', NULL, 'Не получение ответа от Океан банка.', '<p>Попытка урегулировать ситуацию в до судебном порядке не увенчалась успехом. </p>', '<p>По истечению двух недель с момента отправки письма  Председателю правления ЗАО «Океан банк» г-ну Конькову с\r\nпредложение урегулировать вопрос в до судебном порядке, ответ так и не получили. Попытка урегулировать ситуацию в до судебном порядке не увенчалась успехом. В связи с этим мы вынуждены подать в суд на банк ЗАО «Океан банк»<span class="redactor-invisible-space">.</span></p>', '', 1, 1, '81.222.84.187', 1, '', '', '0fba0e9c8ba8a001a1298849b42dc303.jpg', NULL),
(18, 1, 4, 4, 1444306787, 1444306787, 1434017880, 'vstrecha-s-yuristami-iz-kollegii-advokatov-sankt-peterburga', NULL, 'Встреча с юристами из коллегии адвокатов Санкт-Петербурга', '<p>Встреча с юристами из коллегии адвокатов Санкт-Петербурга</p>', '<p>Встреча с юристами из коллегии адвокатов Санкт-Петербурга. Сообщили что на дном этапе не смогут участвовать в иске, так как их издержки и наше предложение, для них в виду иска в Москве и объёма участия не выгодно. Но они дали экспертную оценку дела, пообещали вести экспертизу в дальнейшем. Исходя из этой ситуации был приглашен юриста в штат. </p>', '', 0, 1, '81.222.84.187', 1, '', '', NULL, NULL),
(19, 1, 4, 4, 1444307095, 1444417185, 1434068340, 'podpisan-dogovor-s-yuristom', NULL, 'Подписан договор с юристом.', '<p>В штат компании был приглашен юрист Александр.</p>', '<p>В штат компании был приглашен юрист Александр. Юрист имеет опыт работы с банковской сфере и сфере платежных систем. Был подписан договор на условиях, которые были озвучены ранее.  Был создан электронный ящик lawyer@finprotected.ru на который можно напрямую писать юристу. </p>', '', 1, 1, '81.222.84.187', 1, '', '', '1ef724b41c910c3e8bc700f97d654b58.jpg', NULL),
(20, 1, 4, 4, 1444307530, 1444417822, 1434364080, 'vybor-strategii-yuristom', NULL, 'Выбор стратегии юристом', '<p>Первый опротестование того, что вы клиенты не заказывали перевод денег в Робокассу, а заказывали покупку услуги. Те Робокассой был осуществлен подлого документов. Вторая позиция это нарушение робокассой законов 161 , 103, 105.</p>', '<p>Первый опротестование того, что вы клиенты не заказывали\r\nперевод денег в Робокассу, а заказывали покупку услуги. Те Робокассой был осуществлен подлого документов. Вторая\r\nпозиция это нарушение робокассой законов 161 , 103, 105.<br></p>', '', 1, 1, '81.222.84.187', 1, '', '', '20b7e1d6b436f134059f657d02bd182e.jpg', NULL),
(21, 1, 4, 4, 1444307794, 1444307794, 1437093120, 'zapros-dokumentov-u-klientov-iz-moskvy', NULL, 'Запрос документов у клиентов из Москвы', '<p>Были запрошены документы у клиентов живущих по месту нахождения суда в г. Москве.</p>', '<p style="margin-left: 20px;">Были запрошены документы у клиентов живущих по месту нахождения суда в г. Москве. Также было вывешен запрос клиентам, о том, кто готов участвовать первым в иске. </p>', '', 0, 1, '81.222.84.187', 1, '', '', NULL, NULL),
(22, 1, 4, 4, 1444309908, 1444414815, 1434882960, 'instrukciya-po-napisaniyu-doverennosti', NULL, 'Инструкция по написанию доверенности', '<p>Предоставлен формат доверенности, согласно которой наша компания сможет представлять интересы клиентов в суде. Доверенность необходима для предоставлен­ия вас в судебных органах в целях защиты­ ваших прав, свобод и обязанностей. Так ­как вы являетесь физическим лицом, то до­веренность должны быть выдана нотариусом­, который заверяет вашу подпись на ней, ­а также удостоверяет свободу вашей воли ­и отсутствие прямого принуждения со стор­оны третьих лиц.</p>', '<p>Предоставлен формат доверенности, согласно которой наша компания сможет представлять интересы клиентов в суде. </p><p>Доверенность необходима для предоставлен­ия вас в судебных органах в целях защиты­ ваших прав, свобод и обязанностей. Так ­как вы являетесь физическим лицом, то до­веренность должны быть выдана нотариусом­, который заверяет вашу подпись на ней, ­а также удостоверяет свободу вашей воли ­и отсутствие прямого принуждения со стор­оны третьих лиц.</p><p>Для оформления необходимой в данном случ­ае доверенности вам необходимо записатьс­я на прием к нотариусу и с паспортом при­йти к нему. Цель своего визита вы объясн­яете желанием оформить доверенность на н­екоторое количество лиц. Внимание, нотар­иус не вправе требовать у вас отдельного­ оформления доверенности на каждого из д­оверенных лиц. Поэтому, следует изначаль­но проинформировать нотариуса о том, что­ вам необходима одна единая доверенность­ с 2 её нотариальными копиями.<br>Кроме того, следует сообщить следующую и­нформацию по существу оформляемого докум­ента:<br>1. Вид выдаваемой от вашего имени довере­нности представляет собой так называемую­ "генеральную" доверенность на представл­ение любых ваших интересов, прав и обяза­нностей в судах любых юрисдикций по спор­ам с ЗАО "Океан Банк" (ОГРН 102773932693­3) и _______________ (вам по аналогии н­еобходимо указать ваш банк-эмитент или н­есколько, если списания денежных средств­ осуществлялось с нескольких банковских ­карт), а также с иным лицами. Подавляющ­ее большинство нотариусов в состоянии по­нять то, что от них потребуется без объя­снений на нескольких листах.<br>2. Список лиц, уполномоченных действоват­ь по составляемой доверенности. Внимание­, никаких учредительных документов, копи­й паспортов и иного на таких лиц предост­авлять не нужно и любые подобные требова­ния не законны.<br>2.1. ООО "Турин-Медиа", зарегистрированн­ая по адресу Россия, Санкт-Петербург, 19­7198, ул. Большая Пушкарская. д. 24, лит­ер А, помещение 6-Н, ОГРН 1127847112557,­ ИНН 7813527928 в лице генерального дире­ктора, действующего на основании устава ­- Брачева Михаила Юрьевича;<br>2.1. Колосовский Александр Михайлович, г­ражданин Российской Федерации, 31.01.198­3 года рождения, паспорт серии 4404 номе­р 205029, выдан 22.03.2005 года УВД горо­да Магадана, код подразделения 492-001;<br>2.3. Иные лица, наличие которых посчитае­те целесообразным - предоставление инфор­мации по ним по аналогии с вышеуказанным­и;<br>3. Срок доверенности - 4 года, с правом­ передоверия.</p>', '', 1, 1, '81.222.84.187', 1, '', '', '7dcca96a9aeae79abc8602eef8a74031.jpg', NULL),
(23, 1, 4, 4, 1444310009, 1444454868, 1435021860, 'opredelena-glavnaya-strategiya-iska', NULL, 'Определена главная стратегия иска', '<p>Определили главную стратегию иска из нескольких вариантов. Основная мысль в том что Робокасса принимая платежи в не идентифицированное платежное средство - локальную карту, не имела права выставлять даже счет на суммы более 15 тыс. руб и более 40 тыс руб в месяц.</p>', '<p>Определили главную стратегию иска из нескольких\r\nвариантов. Основная мысль в том что Робокасса принимая платежи в не\r\nидентифицированное платежное средство - локальную карту, не имела права\r\nвыставлять даже счет на суммы более 15 тыс. руб и более 40 тыс руб в месяц.</p>', '', 1, 1, '81.222.84.187', 1, '', '', '471cd94a887869122f22dba88b36a9e5.jpg', NULL),
(24, 1, 4, 4, 1444310241, 1444452949, 1435144380, 'podgotovlen-isk-na-pervogo-uchastnika', NULL, 'Подготовлен иск на первого участника', '<p>Подготовлен иск на первого участника<span class="redactor-invisible-space">. Участник выявил желание быть первым в иске против Робокассы. Быстро подготовил необходимые документы требуемого формата, оригиналы документов передал нам. </span></p>', '<p>Подготовлен иск на первого участника. Участник выявил желание быть первым в иске против Робокассы. Быстро подготовил необходимые документы требуемого формата, оригиналы документов передал нам. </p>', '', 1, 1, '81.222.84.187', 1, '', '', 'ba67968661921538bd3cfbd8384d3f8f.jpg', NULL),
(25, 1, 4, 4, 1444310412, 1444414872, 1435195020, 'v-moskvu-otpravlen-sotrudnik-obnovlennaya-doverennost', NULL, 'В Москву отправлен сотрудник. Обновленная доверенность', '<p>Компанией было принято решение отправить сотрудника в Москву, по месту нахождения суда,  для координации дел в месте. В связи с этим, доверенность была обновлена с учетом сотрудника находящегося в Москве.</p>', '<p>Компанией было принято решение отправить сотрудника в Москву, по месту нахождения суда,  для координации дел в месте. В связи с этим, доверенность была обновлена с учетом сотрудника находящегося в Москве.</p><p>1. Вид выдаваемой от вашего имени доверенности представляет собой так называемую "генеральную" доверенность на представление любых ваших интересов, прав и обязанностей в судах любых юрисдикций по спорам с ЗАО "Океан Банк" (ОГРН 1027739326933) и _______________ (вам по аналогии необходимо указать ваш банк-эмитент или несколько, если списания денежных средств осуществлялось с нескольких банковских карт), а также с иным лицами. Подавляющее большинство нотариусов в состоянии понять то, что от них потребуется без объяснений на нескольких листах.<br>2. Список лиц, уполномоченных действовать по составляемой доверенности. Внимание, никаких учредительных документов, копий паспортов и иного на таких лиц предоставлять не нужно и любые подобные требования не законны.<br>2.1. ООО "Турин-Медиа", зарегистрированная по адресу Россия, Санкт-Петербург, 197198, ул. Большая Пушкарская. д. 24, литер А, помещение 6-Н, ОГРН 1127847112557, ИНН 7813527928 в лице генерального директора, действующего на основании устава - Брачева Михаила Юрьевича;<br>2.2. Колосовский Александр Михайлович, гражданин Российской Федерации, 31.01.1983 года рождения, паспорт серии 4404 номер 205029, выдан 22.03.2005 года УВД города Магадана, код подразделения 492-001; <br>2.3. Aшкинази Евгений Леонидович, гражданин Российской Федерации, 08.03.1980 года рождения, паспорт серии 4007 номер 133555, выдан 07.03.2007 года 70 Отделом Милиции Невского района Санкт-Петербурга, код подразделения 782-070<br>2.4. Иные лица, наличие которых посчитаете целесообразным - предоставление информации по ним по аналогии с вышеуказанными;<br>3. Срок доверенности - 4 года, с правом передоверия.<br></p>', '', 1, 1, '81.222.84.187', 1, '', '', '9509bfa6529fb94a0b3035687c9b18ea.jpg', NULL),
(26, 1, 4, 4, 1444310821, 1444453035, 1435281840, 'opublikovana-informaciya-o-nahozhdenii-suda', NULL, 'Опубликована информация о нахождении суда ', '<p>Опубликована информация о нахождении суда с\r\nбанковскими реквизитами для оплаты Гос пошлины.</p>', '<p>Опубликована информация о нахождении суда с\r\nбанковскими реквизитами для оплаты Гос пошлины. Симоновский районный суд города Москвы. Адрес: г. Москва ул. Восточная д.2 стр 6. Реквизиты с сайта суда <a href="https://vk.com/away.php?to=http%3A%2F%2Fsimonovsky.msk.sudrf.ru%2Fmodules.php%3Fid%3D47%26name%3Dinformation&amp;post=-91683688_1648" target="_blank" title="http://simonovsky.msk.sudrf.ru/modules.php?id=47&amp;name=information">http://simonovsky.msk.sudrf.ru/modules.php?id=47&amp;..</a></p><p>Получатель платежа<br>Управление Федерального казначейства по г. Москве (ИФНС России № 25 по г.Москве)<br>ИНН получателя 7725068979<br>КПП получателя 772501001<br>Банк получателя Отделение 1 Москва<br>БИК 044583001<br>Корр. счет № <br>Счет № 40101810800000010041<br>Банк получателя ОТДЕЛЕНИЕ 1 МОСКОВСКОГО ГТУ БАНКА РОССИИ<br>Код ОКПО:29290252<br>Код ОКТМО<br>Наименование района 45914000<br>Даниловский <br>КБК 18210803010011000110</p>', '', 1, 1, '81.222.84.187', 1, '', '', '2b74b180165736d128498682e899c0aa.jpg', NULL),
(27, 1, 4, 4, 1444311088, 1445441277, 1435541220, 'dopolnitelnoe-soglashenie-o-ne-razglashenii', NULL, 'Дополнительное соглашение о не разглашении', '<p>Юристом было подготовлено доп. соглашение о не разглашении. Данный документ был отправлен всем клиентам подписавшим договор "Иск против Рообкассы".</p><p><br></p>', '<p>Юристом было подготовлено доп. соглашение о не разглашении. Данный документ был отправлен всем клиентам подписавшим договор "Иск против Рообкассы". Для скачивания пройти по <a href="https://www.dropbox.com/s/8vf7fkl7xr0jx1h/shablon_dop_soglashenia_o_nerazglashenii.doc?dl=0" target="_blank">ссылке</a>.</p>', '', 1, 1, '81.222.84.187', 1, '', '', 'aba62fe37534d1576e53f60f4fd67245.jpg', NULL),
(28, 1, 4, 4, 1444312087, 1444453173, 1436319060, 'publikuetsya-spisok-neobhodimyh-dokumentov-dlya-podachi-v-sud', NULL, 'Публикуется список необходимых документов для подачи в суд', '<p>В постоянном режиме публикуется список документов, по каждому клиенту, необходимые для подачи в суд. Выявились трудности с получением документов в ряде банков. Были переданы инструкции по получению документов. </p>', '<p style="margin-left: 20px;">В постоянном режиме публикуется список документов, по каждому клиенту, необходимые для подачи в суд. Выявились трудности с получением документов в ряде банков. Были переданы инструкции по получению документов. </p>', '', 1, 1, '81.222.84.187', 1, '', '', 'cdb653c375114432636f6d4d2d85da30.jpg', NULL),
(29, 1, 4, 4, 1444312322, 1444453305, 1436492880, 'lichnyy-kabinet-robokassy', NULL, 'Личный кабинет Робокассы', '<p>Один из необходимых документов для подачи с суд - Личный кабинет Робокассы. От юриста получен ответ, что требуется заверение кабинета у нотариуса, видео фиксация не возможна. </p>', '<p>Один из необходимых документов для подачи с суд - Личный кабинет Робокассы. От юриста получен ответ, что требуется заверение кабинета у нотариуса, видео фиксация не возможна. </p>', '', 1, 1, '81.222.84.187', 1, '', '', 'b2b93e58ed15f36cb12d25ced9a9f3fc.jpg', NULL),
(30, 1, 4, 4, 1444312588, 1444452650, 1434455520, 'stoimost-zavereniya-lk-robokassy', NULL, 'Стоимость заверения ЛК Робокассы', '<p>Сотрудником из Москвы было выявлено, что стоимость заверения ЛК Робокассы составляет в среднем 20 тыс руб. Также выяснилось, что заверение аналогичного документа в Санкт-Петербурге составляет в в среднем 7 тыс руб. Принято решение, что клиенты заверяют кабинеты либо самостоятельно, либо через нас в Санкт-Петербурге. </p>', '<p>Сотрудником из Москвы было выявлено, что стоимость заверения ЛК Робокассы составляет в среднем 20 тыс руб. Также выяснилось, что заверение аналогичного документа в Санкт-Петербурге составляет в в среднем 7 тыс руб. Принято решение, что клиенты заверяют кабинеты либо самостоятельно, либо через нас в Санкт-Петербурге. </p>', '', 1, 1, '81.222.84.187', 1, '', '', '1c41a717589b47b1cccba47753654309.jpg', NULL),
(31, 1, 4, 4, 1444312729, 1444312729, 1444269360, 'zaveren-lichnyy-kabinet-robokassy-pervogo-uchastnika', NULL, 'Заверен личный кабинет Робокассы первого участника', '<p>Нами заверен личный кабинет Робокассы первого участника<span class="redactor-invisible-space">, в городе клиента нотариусы не занимаются заверением данных в интернете. </span></p>', '<p>Нами заверен личный кабинет Робокассы первого участника, в городе клиента нотариусы не занимаются заверением данных в интернете. </p>', '', 0, 1, '81.222.84.187', 1, '', '', NULL, NULL),
(32, 1, 4, 4, 1444312800, 1444453349, 1438084680, 'podan-pervyy-isk-v-sud', NULL, 'Подан первый иск в суд', '<p>Подан первый иск в суд<span class="redactor-invisible-space"> Симоновский районный суд г. Москвы<span class="redactor-invisible-space"> по месту нахождения ответчика.</span></span></p>', '<p>Подан первый иск в суд Симоновский районный суд г. Москвы<span class="redactor-invisible-space"> по месту нахождения ответчика.</span></p>', '', 1, 1, '81.222.84.187', 1, '', '', '7a7befae0a110b349421de0189bc1057.jpg', NULL),
(33, 1, 4, 4, 1444313096, 1444453424, 1439172120, 'na-sayte-suda-poyavilos-delo-pervogo-klienta', NULL, 'На сайте суда появилось дело первого клиента', '<p>Спустя две недели на сайте суда появилось дело первого клиента. </p>', '<p>Спустя две недели на сайте суда появилось дело первого клиента. </p>', '', 1, 1, '81.222.84.187', 1, '', '', '9706e8b4a54c3e4fa5d727beea5ce4b1.jpg', NULL),
(34, 1, 4, 4, 1444315667, 1444453616, 1440641040, 'poluchen-otvet-ot-suda-s-zaprosom-dop-informacii', NULL, 'Получен ответ от суда с запросом доп. информации', '<p>В установленные сроки Законом рассмотрения дела в суде (30 дней) поступил ответ от суда с запросом доп. информации: документы подтверждающие то, что ответчик является владельцем сервиса Робокасса, выписка с ЕГЮЛ ответчика, копия искового заявление с приложением для ответчика.<span class="redactor-invisible-space"> Ряд документов уже были ранее предоставлены суду. Запрос ЕГРЮЛ ответчика<span class="redactor-invisible-space"> мы считаем не корректным. Однако все требуемые документы были предоставлены суду в установленные сроки судом.</span></span></p>', '<p>В установленные сроки Законом рассмотрения дела в суде (30 дней) поступил ответ от суда с запросом доп. информации: документы подтверждающие то, что ответчик является владельцем сервиса Робокасса, выписка с ЕГЮЛ ответчика, копия искового заявление с приложением для ответчика. Ряд документов уже были ранее предоставлены суду. Запрос ЕГРЮЛ ответчика<span class="redactor-invisible-space"> мы считаем не корректным. Однако все требуемые документы были предоставлены суду в установленные сроки судом.</span></p>', '', 1, 1, '81.222.84.187', 1, '', '', '4d726cf47a10eaa68819e85fea2dac31.jpg', NULL);
INSERT INTO `yupe_blog_post` (`id`, `blog_id`, `create_user_id`, `update_user_id`, `create_time`, `update_time`, `publish_time`, `slug`, `lang`, `title`, `quote`, `content`, `link`, `status`, `comment_status`, `create_user_ip`, `access_type`, `keywords`, `description`, `image`, `category_id`) VALUES
(35, 1, 4, 4, 1444315722, 1444908386, 1443494820, 'delo-poyavilos-robokassa-1-na-sayte-suda', NULL, '​Дело появилось Робокасса 1 на сайте суда', '<p>Дело появилось на сайте суда. Предварительное заседание назначено 16.10.15 в 11:25. Судья Лоскутова Анастасия Евгеньевна.</p>', '<p>Дело Робокасса 1 появилось на сайте суда. Предварительное заседание назначено 16.10.15 в 11:25. Судья Лоскутова Анастасия Евгеньевна.</p>', '', 1, 1, '81.222.84.187', 1, '', '', 'ffb419b5ff1a4a627f701de522e000d1.jpg', NULL),
(36, 4, 4, 1, 1444323336, 1445439381, 1441687740, 'nabor-gruppy-isk-protiv-robokassy2', NULL, 'Набор группы Иск против Робокассы2', '<p>Начинаем набор новой группы Робокасса 2. Новые клиенты вступают в группу вконтакте уже сформированными участниками Робокасса 1. Это сделано для того, чтобы участники Робокасса 2 могли быстрее понять суть дела, видеть текущие дела Робокассы 1.</p>', '<p>Начинаем набор новой группы Робокасса 2. Новые клиенты вступают в группу вконтакте уже сформированными участниками Робокасса 1. Это сделано для того, чтобы участники Робокасса 2 могли быстрее понять суть дела, видеть текущие дела Робокассы 1. Договор можно посмотреть пройдя по <a href="https://www.dropbox.com/s/59cylzsz5f8qhg1/%D0%94%D0%9E%D0%93%D0%9E%D0%92%D0%9E%D0%A0%20%D0%A0%D0%9E%D0%91%D0%9E%D0%9A%D0%90%D0%A1%D0%A1%D0%90.docx?dl=0">ссылке</a>.<span class="redactor-invisible-space"> Стоимость участия, как в Робокассе 1 - 12785руб в стоимость включено: подготовка искового, передача документов суд и три заседания юриста в суде. </span></p>', '', 1, 1, '81.222.84.187', 1, '', '', '7d53be847e26f992a061645e8515b526.jpg', NULL),
(37, 2, 4, 1, 1444325927, 1445439281, 1441690560, 'nachinaem-nabor-gruppy-isk-protiv-rbk-money', NULL, 'Начинаем набор группы Иск против Рбк money', '<p>Начинаем набор группы Иск против РБК мани. С подробностями иска можно ознакомиться в статьях: "Дело ММСИС", "Анализ ММСИС". С договором можно ознакомиться пройдя по <a href="https://www.dropbox.com/s/8smo4qjpmvugeur/%D0%94%D0%9E%D0%93%D0%9E%D0%92%D0%9E%D0%A0%20%D0%A0%D0%91%D0%9A.docx?dl=0">ссылке</a> </p>', '<p>Начинаем набор группы Иск против Рбк money. С подробностями иска можно ознакомиться в статьях: "Дело ММСИС", "Анализ ММСИС". С договором можно ознакомиться пройдя по <a href="https://www.dropbox.com/s/8smo4qjpmvugeur/%D0%94%D0%9E%D0%93%D0%9E%D0%92%D0%9E%D0%A0%20%D0%A0%D0%91%D0%9A.docx?dl=0">ссылке</a> </p>', '', 1, 1, '81.222.84.187', 1, '', '', '2c6dc44706b1b9cc83811275aa6abc99.jpg', NULL),
(38, 2, 4, 4, 1444326482, 1444911101, 1442745300, 'podmena-lk-rbk-money', NULL, 'Подмена ЛК Рбк money ', '<p>Рбк money подменила данные в личных кабинетах плательщиков разделив платежи на суммы по 15 тр. Тем самым приведя платежи в соответствии с Законами ФЗ 161 и ФЗ 115. Однако, Рбк money не учли, что платежи могут быть в месяц не более 40 тр.  </p>', '<p>Рбк money подменила данные в личных кабинетах плательщиков разделив платежи на суммы по 15 тр. Тем самым приведя платежи в соответствии с Законами ФЗ 161 и ФЗ 115. Однако, Рбк money  не учли, что платежи могут быть в месяц не более 40 тр.  </p>', '', 1, 1, '81.222.84.187', 1, '', '', '1cee38b4bf284f5733a49d7ba0b88601.jpg', NULL),
(39, 3, 4, 1, 1444915866, 1444929565, 1444872000, 'likvidaciya-yur-lica-kopanii-dengi-online', NULL, 'Ликвидация юр. лица копании Деньги Online', '<p style="text-align: justify;"><span style="font-size: 16px;">Торговая марка Деньги Online, приступила к ликвидации своей организации ООО "КФЦ-Эквайринг" . Данное юр. лицо являлось получателем средств ММСИС и Милл Трейд. В связи с этим в оперативном порядки мы организуем иск в суд. Своевременно открытое дело  в суде  заблокирует  ликвидацию компании. </span></p>', '<p style="text-align: justify;"><span style="font-size: 16px;">Торговая марка Деньги Online, приступила к ликвидации своей организации ООО "КФЦ-Эквайринг" . Данное юр. лицо являлось получателем средств ММСИС и Милл Трейд. В связи с этим в оперативном порядки мы организуем иск в суд. Своевременно открытое дело  в суде заблокирует  ликвидацию компании. </span></p>', '', 1, 1, '109.167.145.100', 1, '', '', 'fcd0b5aeb44f9edd649a0c49d546b504.jpg', NULL),
(40, 1, 4, 4, 1445432427, 1445435269, 1445043480, 'perenos-zasedaniya-isk-k-robokasse-1-gruppa', NULL, 'Перенос заседания Иск к Робокассе 1 группа', '<p>В связи с тем, что стороны ответчика не предоставила документы для ознакомления было принято решение перенести заседание. Следующее заседание суда назначено на 10.11.15.</p>', '<p>В связи с тем, что стороны ответчика не предоставила документы для ознакомления было принято решение перенести заседание. Следующее заседание суда назначено на 10.11.15.</p>', '', 1, 1, '81.222.84.187', 1, '', '', '76f6577aa0576d5beefe8e0e66a91503.jpg', NULL);

-- --------------------------------------------------------

--
-- Структура таблицы `yupe_blog_post_to_tag`
--

CREATE TABLE IF NOT EXISTS `yupe_blog_post_to_tag` (
  `post_id` int(11) NOT NULL,
  `tag_id` int(11) NOT NULL,
  PRIMARY KEY (`post_id`,`tag_id`),
  KEY `ix_yupe_blog_post_to_tag_post_id` (`post_id`),
  KEY `ix_yupe_blog_post_to_tag_tag_id` (`tag_id`)
) ENGINE=InnoDB DEFAULT CHARSET=utf8;

--
-- Дамп данных таблицы `yupe_blog_post_to_tag`
--

INSERT INTO `yupe_blog_post_to_tag` (`post_id`, `tag_id`) VALUES
(1, 3),
(1, 4);

-- --------------------------------------------------------

--
-- Структура таблицы `yupe_blog_tag`
--

CREATE TABLE IF NOT EXISTS `yupe_blog_tag` (
  `id` int(11) NOT NULL AUTO_INCREMENT,
  `name` varchar(255) NOT NULL,
  PRIMARY KEY (`id`),
  UNIQUE KEY `ux_yupe_blog_tag_tag_name` (`name`)
) ENGINE=InnoDB  DEFAULT CHARSET=utf8 AUTO_INCREMENT=5 ;

--
-- Дамп данных таблицы `yupe_blog_tag`
--

INSERT INTO `yupe_blog_tag` (`id`, `name`) VALUES
(3, 'MMCIS'),
(4, 'Робокасса'),
(1, 'тег1'),
(2, 'тег2');

-- --------------------------------------------------------

--
-- Структура таблицы `yupe_blog_user_to_blog`
--

CREATE TABLE IF NOT EXISTS `yupe_blog_user_to_blog` (
  `id` int(11) NOT NULL AUTO_INCREMENT,
  `user_id` int(11) NOT NULL,
  `blog_id` int(11) NOT NULL,
  `create_time` int(11) NOT NULL,
  `update_time` int(11) NOT NULL,
  `role` int(11) NOT NULL DEFAULT '1',
  `status` int(11) NOT NULL DEFAULT '1',
  `note` varchar(250) NOT NULL DEFAULT '',
  PRIMARY KEY (`id`),
  UNIQUE KEY `ux_yupe_blog_user_to_blog_blog_user_to_blog_u_b` (`user_id`,`blog_id`),
  KEY `ix_yupe_blog_user_to_blog_blog_user_to_blog_user_id` (`user_id`),
  KEY `ix_yupe_blog_user_to_blog_blog_user_to_blog_id` (`blog_id`),
  KEY `ix_yupe_blog_user_to_blog_blog_user_to_blog_status` (`status`),
  KEY `ix_yupe_blog_user_to_blog_blog_user_to_blog_role` (`role`)
) ENGINE=InnoDB  DEFAULT CHARSET=utf8 AUTO_INCREMENT=5 ;

--
-- Дамп данных таблицы `yupe_blog_user_to_blog`
--

INSERT INTO `yupe_blog_user_to_blog` (`id`, `user_id`, `blog_id`, `create_time`, `update_time`, `role`, `status`, `note`) VALUES
(1, 1, 1, 1437774797, 2015, 1, 3, ''),
(2, 1, 5, 1440336483, 1440336483, 1, 1, ''),
(3, 1, 2, 1440341966, 1440341966, 1, 1, ''),
(4, 1, 3, 1444850183, 1444850183, 1, 1, '');

-- --------------------------------------------------------

--
-- Структура таблицы `yupe_catalog_good`
--

CREATE TABLE IF NOT EXISTS `yupe_catalog_good` (
  `id` int(11) NOT NULL AUTO_INCREMENT,
  `category_id` int(11) DEFAULT NULL,
  `name` varchar(250) NOT NULL,
  `price` decimal(19,3) NOT NULL DEFAULT '0.000',
  `article` varchar(100) DEFAULT NULL,
  `image` varchar(250) DEFAULT NULL,
  `short_description` text,
  `description` text NOT NULL,
  `slug` varchar(150) NOT NULL,
  `data` text,
  `is_special` tinyint(1) NOT NULL DEFAULT '0',
  `status` tinyint(1) NOT NULL DEFAULT '1',
  `create_time` datetime NOT NULL,
  `update_time` datetime NOT NULL,
  `user_id` int(11) DEFAULT NULL,
  `change_user_id` int(11) DEFAULT NULL,
  PRIMARY KEY (`id`),
  UNIQUE KEY `ux_yupe_catalog_good_alias` (`slug`),
  KEY `ix_yupe_catalog_good_status` (`status`),
  KEY `ix_yupe_catalog_good_category` (`category_id`),
  KEY `ix_yupe_catalog_good_user` (`user_id`),
  KEY `ix_yupe_catalog_good_change_user` (`change_user_id`),
  KEY `ix_yupe_catalog_good_article` (`article`),
  KEY `ix_yupe_catalog_good_price` (`price`)
) ENGINE=InnoDB DEFAULT CHARSET=utf8 AUTO_INCREMENT=1 ;

-- --------------------------------------------------------

--
-- Структура таблицы `yupe_category_category`
--

CREATE TABLE IF NOT EXISTS `yupe_category_category` (
  `id` int(11) NOT NULL AUTO_INCREMENT,
  `parent_id` int(11) DEFAULT NULL,
  `slug` varchar(150) NOT NULL,
  `lang` char(2) DEFAULT NULL,
  `name` varchar(250) NOT NULL,
  `image` varchar(250) DEFAULT NULL,
  `short_description` text,
  `description` text NOT NULL,
  `status` tinyint(1) NOT NULL DEFAULT '1',
  PRIMARY KEY (`id`),
  UNIQUE KEY `ux_yupe_category_category_alias_lang` (`slug`,`lang`),
  KEY `ix_yupe_category_category_parent_id` (`parent_id`),
  KEY `ix_yupe_category_category_status` (`status`)
) ENGINE=InnoDB  DEFAULT CHARSET=utf8 AUTO_INCREMENT=19 ;

--
-- Дамп данных таблицы `yupe_category_category`
--

INSERT INTO `yupe_category_category` (`id`, `parent_id`, `slug`, `lang`, `name`, `image`, `short_description`, `description`, `status`) VALUES
(1, NULL, 'news', 'ru', 'Новости', NULL, '<p>Новости о событиях связанных сайтом, новости  компании  и  сотрудниках</p>', '<p>Новости о событиях связанных сайтом, новости  компании  и  сотрудниках.</p>', 1),
(2, 1, 'iski-i-proekty-finprotected', 'ru', 'Иски и проекты Finprotected', NULL, '<p>Новости связанные с профессиональной деятельностью компании. Проекты с крупными компаниями. Иски к интеренет-проектам, банкам, платежным системам. Рекламные и маркетинговые мероприятия и акции.  </p>', '<p>Новости связанные с профессиональной деятельностью компании. Проекты с крупными компаниями. Иски к интеренет-проектам, банкам, платежным системам. Рекламные и маркетинговые мероприятия и акции.   </p>', 1),
(3, NULL, 'blog', 'ru', 'Блог', NULL, '', '', 1),
(6, NULL, 'post', 'ru', 'Пост', NULL, '<p>Пост</p>', '<p>Пост</p>', 1),
(9, 1, 'sobytiya-kompanii-finprotected', 'ru', 'События компании Finprotected', NULL, '<p>тут описываем новости компании, события на сайте и организации</p>', '<p>тут описываем новости компании, события на сайте и организации</p>', 1),
(10, 1, 'ostorozhno-moshenniki', 'ru', 'Осторожно мошенники', NULL, '<p>тут все новые схемы мошенничества</p>', '<p>тут все новые схемы мошенничества</p>', 1),
(11, 3, 'vozvrat-sredstv-investorov-mmcis-i-mill-trade', 'ru', 'Возврат средств инвесторов  MMCIS и Mill Trade', '8de76cbc468a8733cb7b3e3a11fc02a0.jpg', '<p>Наша компания с осени 2014 года занималась возвратом денежных средств клиентов Mmcis и Mill Trade совершивших оплаты с банковской карты. В процессе работы участники платежной системы (ПС), банки, посредники, чтобы избежать штрафов от МПС и не возвращать деньги по процедур chargeback (возврат по процедуре Visa и Master Card) выработали стратегию, результат которой, процедура chargeback стала не возможной. При этом им пришлось раскрыть модель работы, по приему денежных средств нарушившая Федеральный Закон. На основании полученных данных компания Finprotected проводит организацию коллективных судебных исков к компаниям являющимися нарушителями Законодательства:\r\n</p>', '<p><br>\r\n</p><p><img src="http://finprotected.com/uploads/image/1ce6b4e6bffe01ab19ad97fee5130cc8.jpg" class="img-responsive full-width">\r\n</p><p><br>\r\n</p><ul class="col-xs-12 list-unstyled lists-v1">\r\n	<li><span style="font-size: 16px;"><i class="fa fa-angle-right"></i><a href="#razdel1">История дела</a></span></li>\r\n	<li><span style="font-size: 16px;"><i class="fa fa-angle-right"></i><a href="#razdel2">Выполняемые работы и услуги</a></span></li>\r\n</ul><a href="#razdel2"></a><p><a href="#razdel2"></a>\r\n</p><div class="headline"><a href="#razdel2">\r\n	</a>\r\n	<h2><a href="#razdel2"></a><a name="razdel1"></a> История дела</h2>\r\n</div><p><br>\r\n</p><p><span style="font-size: 16px;">Более 500 тыс. инвесторов пирамид MMCISи Mill Trade стали жертвами противоправных действий. Общий объем потерь инвестиций за 3 года работы мошенников составил более двух миллиардов долларов.\r\n	</span>\r\n</p><p style="text-align: justify;"><span style="font-size: 16px;">Активная реклама по телевидению, слабая правовая подготовка граждан, желание заработать большие и легкие деньги - создали благоприятную среду для возникновения самой крупной финансовой пирамиды на территории СНГ со времен «МММ» Мавроди.\r\n	</span>\r\n</p><p style="text-align: justify;"><span style="font-size: 16px;">Осенью 2014 года финансовая пирамида  достигла финального этапа -  руководство форекса объявило о не платежеспособности MMCIS и форекса   сателлита  Mill Trade.\r\n	</span>\r\n</p><p style="text-align: justify;"><span style="font-size: 16px;">Мошенники использовали оригинальную модель работы в сравнении с  тем же «МММ», основная идея -  скрыть финансовую пирамиду под видом инвестиций в торговлю на валютном рынке форекс. Денежные средства собирались через сайт помощью электронных платежных средств.\r\n	</span>\r\n</p><p style="text-align: justify;"><span style="font-size: 16px;">В результате, основные игроки рынка электронных платежей России, так или иначе, оказались связанными с MMCIS.\r\n	</span>\r\n</p><p style="text-align: justify;"><span style="font-size: 16px;"><br></span>\r\n</p><p style="text-align:center"><img src="http://finprotected.com/uploads/image/cd73435989ea87995906bf43fbd99927.jpg">\r\n</p><p style="text-align: justify;"><span style="font-size: 16px;"><br></span>\r\n</p><p style="text-align: justify;"><span style="font-size: 16px;">Компания Finprotected специализирующиеся на разработке комплексных решений для интернет магазинов и платежных систем, получила несколько заказов отбывших  партнеров MMCIS на анализ ситуации и  разработку плана действий связанных с банкротством крупнейшей финансовой пирамиды. Результат проведенного анализа давал однозначный вывод, о том, что банкротство  компании MMCIS было заранее спланированным событием.</span><br>\r\n</p><p style="text-align: justify;"><span style="font-size: 16px;"> Так компания MMCIS стала активно «светиться» на рынке финансовых услуг в 2012 году. В это время компания MMCIS представляла собой типичную «форекс кухню», основной доход которой формировался за счет проигрышей трейдеров форекса. В такой модели средняя маржинальность форекса составляет 20-30% от месячного оборота. Параллельно MMCIS создает отдельное  направление бизнеса - сервис  MMCIS Investments, которая в будущем станет прародителем финансовой пирамиды. Идея  MMCIS Investments заключалась в том, что инвесторы вносили денежные средства в депозиты под доверительное управление, а "трейдеры"   сотрудники форекса участвовали в торгах на "рынке форекс". Основным партнером компании  по приему платежей и выплатам была компания «ДеньгиOnline».\r\n	</span>\r\n</p><p style="text-align: justify;"><span style="font-size: 16px;"></span>\r\n</p><p style="text-align: center;"><img src="http://finprotected.com/uploads/image/ab37025c028d452e10451143fb4c3b13.jpg">\r\n</p><p><br>\r\n</p><p style="text-align: justify;"><span style="font-size: 16px;">В 2013 году форекс отказывается от услуг Деньги Online и организует прием платежей через собственный процессинговый центр. В это время начинается второй этап по созданию крупнейшей финансовой пирамиды. Он ознаменован двумя событиями:\r\n	</span>\r\n</p><p style="text-align: justify;"><span style="font-size: 16px;">1.Появление сервиса индекса «ТОП 20», который  был копией модели работы MMCIS Investments перенесенный на  форекс кухню MMCIS. Началась активная пропаганда по привлечению новых участников в пирамиду с массовой рекламой по ТВ, агрессивной медийной рекламой через различные агенства и повелением  реферальных  бонусов участникам форекса за каждого привлеченного нового инвестора.\r\n	</span>\r\n</p><p style="text-align: justify;"><span style="font-size: 16px;">2.Вторым событием стало  создание большого количества фирм «прокладок», оказывающих  "аналитические и консультационные услуги", но на самом деле созданные с одной целью, размазать огромные денежные потоки выводимые из России и других стан СНГ, скрыть деятельность  компании и снизить заметность для контролирующих органов.\r\n	</span>\r\n</p><p style="text-align: justify;"><span style="font-size: 16px;"><br></span>\r\n</p><iframe width="100%" max-width="960" height="540" src="https://www.youtube.com/embed/xr_Vrvm_x2U" frameborder="0" allowfullscreen="">&amp;amp;amp;amp;amp;amp;amp;amp;amp;amp;amp;lt;span id="selection-marker-1" class="redactor-selection-marker" data-verified="redactor"&amp;amp;amp;amp;amp;amp;amp;amp;amp;amp;amp;gt;&amp;amp;amp;amp;amp;amp;amp;amp;amp;amp;amp;lt;/span&amp;amp;amp;amp;amp;amp;amp;amp;amp;amp;amp;gt;&amp;amp;amp;amp;amp;amp;amp;amp;amp;amp;amp;amp;amp;amp;amp;amp;amp;amp;amp;amp;amp;amp;amp;lt;span id="selection-marker-1" class="redactor-selection-marker" data-verified="redactor"&amp;amp;amp;amp;amp;amp;amp;amp;amp;amp;amp;amp;amp;amp;amp;amp;amp;amp;amp;amp;amp;amp;amp;gt;&amp;amp;amp;amp;amp;amp;amp;amp;amp;amp;amp;amp;amp;amp;amp;amp;amp;amp;amp;amp;amp;amp;amp;lt;/span&amp;amp;amp;amp;amp;amp;amp;amp;amp;amp;amp;amp;amp;amp;amp;amp;amp;amp;amp;amp;amp;amp;amp;gt;\r\n</iframe><p style="text-align: justify;" rel="text-align: justify;"><span style="font-size: 16px;">Так к каждой «прокладке» подключалось 5-10 платежных шлюзов. Большинство «прокладок» были резидентами РФ: «ИРТ консалт», «Инфо технолоджис», «СИТ», «Файн фортун», «Гранд солюшенс», «Капитал ворк»  и другие, созданы так же  зарубежные "прокладки" - «Гранд перформ», «Игл кросс» для  подключения к платежным системам работающим с нерезидентами. Некоторые платежные системы знали, кто стоит за этими фирмами прокладками, некоторые нет. К сожалению, большинство платежных систем участвовавших в схемах ММСИС, испугавшись возможной ответственности, вместо содействия и помощи потерпевшим, предпочли в лучшем случае наблюдение со стороны, а в худшем  еще откровенно заняли позицию помощи мошенникам. Более подробно  можно ознакомится с результатам нашего аудита в соответствующем разделе сайта. Отметим, что наиболее странными выглядели действия компаний Робокасса, РБК, Деньги Онлайн, которые организовали прием платежей банковскими картами в MMCIS и MIll Trade.  В соответствии с правилами международных платежных система Visa  и Master Card Finprotected помог инициировать проведение процедуры чарджбэк потерпевшим плательщикам банковскими картами, однако в большинстве случаев в процедуре было отказано с ссылкой на то, что  нормативы данных платежей лежат в рамках Законодательства Российской Федерации. Проверив действия DengiOnline, Robocassa и RBK на  соответствие  нормативам законодательства,  команда Finprotected обнаружила основания для  опротестования законности проведенных платежей в судебном порядке.</span>\r\n</p><div class="headline">\r\n	<h2><a name="razdel2"></a> Выполняемые работы и услуги</h2>\r\n</div>', 1),
(12, 3, 'vkuponru-zabyvayut-dostavit-pokupki', 'ru', 'vkupon.ru забывают доставить покупки', '04d07b096bfa659b261d0998a0f4eded.jpg', '<p>Широко рекламируемый через почтовый спам сервис vkupon.ru<span class="redactor-invisible-space">, периодически забывает доставить покупку своим заказчикам. </span>\r\n</p>', '<p><br>\r\n</p><p><img src="http://finprotected.com/uploads/image/3fc33aecef11581349bdf80d775cbff8.jpg" class="img-responsive full-width">\r\n</p><ul class="col-xs-12 list-unstyled lists-v1">\r\n	<li><span style="font-size: 16px;"><br></span></li><li><span style="font-size: 16px;"><i class="fa fa-angle-right"></i><a href="#razdel1">История дела</a></span></li>\r\n	<li><span style="font-size: 16px;"><i class="fa fa-angle-right"></i><a href="#razdel2">Выполняемые работы и услуги</a></span></li>\r\n</ul><a href="#razdel2"></a><p><a href="#razdel2"></a>\r\n</p><div class="headline"><a href="#razdel2">\r\n	</a>\r\n	<h2><a href="#razdel2"></a><a name="razdel1"></a> История дела</h2>\r\n</div><p><br>\r\n</p><p style="text-align: justify;"><span style="font-size: 16px;">Очень часто на  сайтах «купонаторов» размещают скидки на  товары, качество  которых оставляет желать лучшего.  Так же услугами "купонаторов" пользуется новые магазины, организация работ которых не всегда отлажена до идеала. Покупая купон, потребитель, по сути, играет в лотерею, зачастую даже не представляет качество продукции, которая к нему придет и придет ли вовсе. Конечно, стоит отметить, что не все покупки обязательно окажутся плохими, очень большое количество хороших товаров и услуг можно приобрести по низким ценам. Кроме самой покупки  и рейтинга продавца большое значение имеет качество организации, работы самого купонатора. Хороший купонатор, в случаях продажи низкокачественной продукции или проблем с доставкой, обычно оперативно проводит замену купона, или вовсе возвращает покупателю деньги. К сожалению, сервис Vkupon.ru не обеспечил ни доставку товара, не добровольного возврата денежных средств нашим клиентам.\r\n	</span>\r\n</p><p style="text-align: justify;"><span style="font-size: 16px;"><br></span></p><p style="text-align:center"><img src="http://finprotected.com/uploads/image/9d97b7bceb44bd3437b91c0e0fa0ea1a.jpg">\r\n</p><p style="text-align: justify;"><span style="font-size: 16px;"><br></span></p><p style="text-align: justify;"><span style="font-size: 16px;">В Finprotected обратились клиенты Vkupon.ru, купивший купон на внешний жесткий диск из Китая. К сожалению, несмотря на достаточно большой срок доставки, заявленный купонатором, заказ  так и не поступил. Вместо того, чтобы оперативно разобраться с ситуацией, администрация сервиса Vkupon.ru пыталась затянуть время. Сначала сообщили, что возникли проблемы на таможне и по новой оформили заказ, а значит время доставки обновилось.  По истечении второго срока сервис Vkupone.ru предложил вместо не дошедшего второй раз товара, (причина которую сообщил Vkupon.ru - потеря товара почтой России), заказать его снова или вернуть деньги. Но вместо реального возврата, оказалось, что можно лишь заказать новые услуги на ранее оплаченную сумму.</span>\r\n</p><p style="text-align: justify;"><span style="font-size: 16px;"><br></span></p><p style="text-align:center"><img src="http://finprotected.com/uploads/image/6fc04b4e5ce2f3de322bc70cbed50f7c.jpg">\r\n</p><p style="text-align: justify;"><span style="font-size: 16px;"><br></span></p><p style="text-align: justify;"><span style="font-size: 16px;">Не найдя компромисса со стороны проекта, перепробовав все доступные варианты возврата, потерпевшие обратились в Finprotected. Изучив представленные материалы и проведя анализ работы сайта  Vkupon.ru команда Finprotected инициировал процедуру возврата. Результаты  аудита работы Vkupon.ru  и рейтинг  вы можете посмотреть  соответствующем разделе.</span>\r\n</p><div class="headline">\r\n	<h2><a name="razdel2"></a> Выполняемые работы и услуги</h2>\r\n</div>', 1),
(13, 3, 'panteon-finans-pamm-fond-moshennikov', 'ru', 'Пантеон финанс -  памм фонд мошенников', '9f6f9ca6ea4700cbd0d2a45060724429.png', '<p> Раздел для инвесторов ПАММ Фогда Пантеон Финанс. Еще одна крупная  пирамида действовавшая на территории СНГ.\r\n</p>', '<p><img src="http://finprotected.com/uploads/image/f972af14962c4b1f9a1f51d82a447a31.png" class="img-responsive full-width">\r\n</p><p><br>\r\n</p><ul class="col-xs-12 list-unstyled lists-v1">\r\n	<li><span style="font-size: 16px;"><i class="fa fa-angle-right"></i><a href="#razdel1">История дела</a></span></li>\r\n	<li><span style="font-size: 16px;"><i class="fa fa-angle-right"></i><a href="#razdel2">Выполняемые работы и услуги</a></span></li>\r\n</ul><a href="#razdel2"></a><p><a href="#razdel2"></a>\r\n</p><div class="headline"><a href="#razdel2">\r\n	</a>\r\n	<h2><a href="#razdel2"></a><a name="razdel1"></a> История дела</h2>\r\n</div><p><br>\r\n</p><p style="text-align: justify;"><span style="font-size: 16px;">Форекс Пантеон финанс начал свою деятельность в 2010\r\nгоду, громко заявив о себе. Первоначально был открыт офис в Украине, позже\r\nофисы компании были открыты в Москве и Одессе. В 2012 году брокер Panteon\r\nFinance получил лицензию  IFSC (Belize) в\r\nсфере оказания финансовых услуг «Торговли финансовыми и товарными производными\r\nинструментами, другими ценными бумагами». Считается, что получить эту лицензию\r\nмогут только компании, подтвердившую свою высокую надежность. С целью привлечения большего количества клиентов в\r\nсвои ряды, компания Panteon Finance предлагала, казалось бы, без рисковые\r\nусловия сотрудничества. К примеру, был применен механизм, при котором, возможные\r\nубытки берет на себя как инвестор, так и компания. Был создан удобный интерфейс\r\nработы, в котором клиент мог выбрать варианты инвестирования,  он сам определял желаемое соотношение дохода и\r\nриска. Хорошая техническая поддержка, которая быстро отвечала на звонки и\r\nоперативно решала возникшие вопросы клиента. А для инвесторов у которых, все же\r\nостались сомнения в стабильности компании, Panteon Finance заключала\r\nофициальные договора. В заключении, форекс начислял бонус в размере 10% от\r\nсуммы пополнения. Безусловно,  условия предлагаемые Panteon Finance делали\r\nкомпанию сильным и привлекательным игроком финансового рынка форекс для  будущих инвесторов.</span></p><p style="text-align: justify;"><br></p><p style="text-align: center;"><img src="http://finprotected.com/uploads/image/7fec98fee8c62a4bb447fe0030c4375b.jpg">\r\n</p><p><br>\r\n</p><p style="text-align: justify;"><span style="font-size: 16px;">Но не смотря на  радужную картину, форексу\r\nPanteon Finance пришел конец. </span><span style="font-size: 16px;">Первые проблемы у клиентов форекса начались осенью\r\n2014 года. Пантеон Финанс официально объявила об информационной атаке,\r\nвозникшей на фоне печально-известного ММСИС. Форекс заверил клиентов, что с ними такого\r\nне может быть, ввиду стабильности и высокой надежности компании.  Вскоре после публикации, был запущен\r\nПАММ-Фонд ТОП 15, который привлекал новых и старых клиентов компании бонусами,\r\nно при этом и  блокировкой вложенных\r\nсредств на 180 дней. Этот грамотный ход форекса позволил насобирать дополнительно - 1 500 000  долларов.</span></p><p style="text-align: center;"><img src="http://finprotected.com/uploads/image/45746513c2c31e124e7fba44c427781b.jpg">\r\n</p><p><br></p><p style="text-align: justify;"><span style="font-size: 16px;">Январь 2015 года, стал последним месяцем жизни\r\nфорекса. Собственно все развивалось по классическим коконам мошенничества.\r\nПосле отшумевших Новогодних праздников, клиенты массово начинают замечать\r\nтрудности с вывод средств. На вопрос клиентов, в чем же дело, поступает ответ\r\nот форекса, что финансовых проблем у компании Panteon-Finance LTD нет, а\r\nзадержка связана с технически трудностями банка, через который идут выплаты.\r\nСитуация будет разрешена в течении недели. </span><span style="font-size: 16px;">Кто-то решил пойти в московский офис и на месте\r\nразобраться в ситуации, но как оказалось офиса в Москве, уже не существует.</span></p><p><br></p><p style="text-align: center;"><img src="http://finprotected.com/uploads/image/4b0e76644fad2806da6f6f6a7424f26a.jpg">\r\n</p><p><br></p><p style="text-align: justify;"><span style="font-size: 16px;">После окончания обещанной недели, форекс сообщает,\r\nчто трудности с выплатами еще есть, но платежи клиентам выплачиваются. На\r\nследующий день, Личный кабинет Panteon-Finance перестает работать. Появляется\r\nсообщение о технических проблемах. В службе поддержки массово перестают\r\nотвечать на сообщения.</span></p><iframe width="100%" max-width="960" height="540" src="https://www.youtube.com/embed/6WBlw56jYTM" frameborder="0" allowfullscreen="">&amp;amp;amp;amp;amp;amp;amp;amp;amp;amp;amp;amp;amp;amp;amp;amp;amp;amp;amp;amp;amp;amp;amp;amp;amp;amp;amp;amp;amp;amp;amp;amp;amp;amp;amp;amp;amp;amp;amp;amp;amp;amp;amp;amp;amp;amp;amp;amp;amp;amp;amp;amp;amp;amp;amp;amp;amp;amp;amp;amp;amp;amp;amp;amp;amp;amp;lt;span id="selection-marker-1" class="redactor-selection-marker" data-verified="redactor"&amp;amp;amp;amp;amp;amp;amp;amp;amp;amp;amp;amp;amp;amp;amp;amp;amp;amp;amp;amp;amp;amp;amp;amp;amp;amp;amp;amp;amp;amp;amp;amp;amp;amp;amp;amp;amp;amp;amp;amp;amp;amp;amp;amp;amp;amp;amp;amp;amp;amp;amp;amp;amp;amp;amp;amp;amp;amp;amp;amp;amp;amp;amp;amp;amp;amp;gt;&amp;amp;amp;amp;amp;amp;amp;amp;amp;amp;amp;amp;amp;amp;amp;amp;amp;amp;amp;amp;amp;amp;amp;amp;amp;amp;amp;amp;amp;amp;amp;amp;amp;amp;amp;amp;amp;amp;amp;amp;amp;amp;amp;amp;amp;amp;amp;amp;amp;amp;amp;amp;amp;amp;amp;amp;amp;amp;amp;amp;amp;amp;amp;amp;amp;amp;lt;/span&amp;amp;amp;amp;amp;amp;amp;amp;amp;amp;amp;amp;amp;amp;amp;amp;amp;amp;amp;amp;amp;amp;amp;amp;amp;amp;amp;amp;amp;amp;amp;amp;amp;amp;amp;amp;amp;amp;amp;amp;amp;amp;amp;amp;amp;amp;amp;amp;amp;amp;amp;amp;amp;amp;amp;amp;amp;amp;amp;amp;amp;amp;amp;amp;amp;amp;gt;\r\n</iframe><p style="text-align: justify;"><span style="font-size: 16px;">Как позже стало, компания Panteon-Finance LTD и\r\nForex Trend являются одной компанией, созданной под другим именем. А деньги,\r\nполученные от клиентов компаний, \r\n«Пантеон Финанс», и «Форекс тренд», отправляются в одно место.\r\nИнициатором создания форексов Panteon-Finance LTD и Forex Trend, оказывается\r\nорганизатор скандальной Gamma Markets, которая также ушла с рынка форекс,\r\nприсвоим себе деньги клиентов, обвинив в этом компанию Деньги Online. </span></p><p style="text-align: justify;"><span style="font-size: 16px;">Изучив дело форексов Panteon-Finance LTD и Forex Trend компания Finprotected выявила\r\nнарушение форексами Законодательства Российской Федерации и начала дело против\r\nкомпаний партнеров для опротестования законности проведенных платежей в соответствии с правилами МПС и судебном порядке.</span></p><div class="headline">\r\n	<h2><a name="razdel2"></a> Выполняемые работы и услуги</h2></div>', 0),
(15, 12, 'analiz-raboty-vkuponru', 'ru', 'Анализ работы vkupon.ru', NULL, '<p>После обращения потерпевшего потребителя интернет купонатора Vkupone.ru. Finprotected начал проводить анализ работы купона. Была изучена работа сайта, оферта, представленный товар и услуги. Изучив модель работы купонатора, у сотрудников Finprotected возникли вопросы относительно продаваемых товаров. Так Vkupon.ru продает скидки на товары и услуги сторонних компаний. После приобретения скидки клиент обращается в компанию, в которую он приобрел скидку, на месте доплачивает остаток суммы и получает этот товар или услугу.</p>', '<p><span style="font-size: 16px;"></span></p><p><span style="font-size: 16px;">После обращения потерпевшего потребителя интернет купонатора Vkupone.ru. Finprotected начал проводить анализ работы купона. Была изучена работа сайта, оферта, представленный товар и услуги. Изучив модель работы купонатора, у сотрудников Finprotected возникли вопросы относительно продаваемых товаров. Так Vkupon.ru продает скидки на товары и услуги сторонних компаний. После приобретения скидки клиент обращается в компанию, в которую он приобрел скидку, на месте доплачивает остаток суммы и получает этот товар или услугу. Данный вариант работы мы считаем, нормальным и соответствующим условиям работы купонатора.</span></p><p><span style="font-size: 16px;"><br></span></p><p style="text-align: justify;"><span style="font-size: 16px;"><img src="http://finprotected.com/uploads/image/fa2b1a6c8af8aa9d205516acf316f8d7.png"> </span></p><p style="text-align: justify;"><span style="font-size: 16px;">Однако в ряде случаев бывают иная ситуация. Когда, приобретается товар за полную стоимость и клиент не доплачивает средства в компанию продавца. <br></span></p><p style="text-align: justify;"><span style="font-size: 16px;"><img src="http://finprotected.com/uploads/image/60df63ae0315b56403b7361e2eb4c7b4.png"><br></span></p><p style="text-align: justify;">В этой ситуации не понятно, кто является производителем, кто является продавцом товара. В случае поломки или не исправности  товара к кому обращаться? <br></p><div style="text-align: justify;"><span style="font-size: 16px;">В связи с этим Finprotected рекомендует быть внимательным при заказе товара на сайте купонатора. Покупая товар за полную стоимость вы можете не найти истинного продавца товара, тем самым купить товар не надлежащего качества. Приобретая купон следует\r\nобращать внимание, купон представляет собой скидку на товар, либо на оплату\r\nтовара за полную стоимость. Если же приобретается купон за полную стоимость\r\nтовара, то следуют понимать, что все возможные претензии и требования\r\nнеобходимо адресовать купонатору. Ответы купонатора о задержках со стороны\r\nпоставщиков и прочее не являются обоснованными ввиду того, что в купонном\r\nпредложении не указан поставщик товара. Тем самым производителем и поставщиком\r\nможно считать купонатор. </span></div><p style="text-align: justify;"><span style="font-size: 16px;"><img src="http://finprotected.com/uploads/image/d83e5138b09c63f96079b292542d18d1.jpg"></span></p>', 2),
(16, NULL, 'rassledovanie-dela-foreksa-mmcis-i-foreksa-satellita-mill-trade', 'ru', 'Расследование дела форекса  MMCIS и форекса сателлита Mill Trade.', NULL, '<p>После обращения потерпевших  потребителей  форекса  MMCIS и форекса сателлита Mill Trade. Finprotected начал проводить анализ работы. Были изучены банковские выписки клиентов, переписка клиентов с форексом, переписка клиентов с платежной системой. На основе полученных данных команда  Finprotected решила провести опротестование платежей в соответствии с Международными правилами платежной системы Visa / Master Card. Был собран необходимый пакет документов для опротестования, подготовлены документы необходимого стандарта</p>', '<p>После обращения потерпевших  потребителей  форекса  MMCIS и форекса сателлита Mill Trade. Finprotected начал проводить анализ работы. Были изучены банковские выписки клиентов, переписка клиентов с форексом, переписка клиентов с платежной системой. На основе полученных данных команда  Finprotected решила провести опротестование платежей в соответствии с Международными правилами платежной системы Visa / Master Card. Был собран необходимый пакет документов для опротестования, подготовлены документы необходимого стандарта. После подачи документов в банк, наши клиенты стали получать отказы по возврату средств.   Формулировка отказа заключалась в том, что клиенты якобы делали перевод в пользу платежной системы, все требования должны решаться с платежной системой, принявшие средства. Дабы избежать возможного возврата средств по процедуре опротестования платежей Visa / Master Card платежной системе пришлось раскрыть финансовую схему работы, противоречащую ФЗ РФ. </p><div>Вследствие этого, Finprotected принял решение переквалифицировать это дело в сферу Российского законадательства и начать дело против платежных систем, проводивших платежи в форексы  MMCIS и форексы сателлита Mill Trade.</div><div>Подробнее о текущих делах можете посмотреть в главе текущие расследования.</div><p><br></p>', 2),
(17, NULL, 'rassledovanie-dela-robokassy', 'ru', '​Расследование дела Робокассы.', NULL, '<p>Чтобы предотвратить возврат средств по процедуре опротестования платежей chargeback платежной системе пришлось раскрыть  финансовую схему работы, противоречащую 4 статьи 10 Федерального закона от 27.06.2011 года № 161-ФЗ «О национальной платежной системе». Платежная система ссылается на том, что якобы принимала платежи от клиентов, а после чего по распоряжению плательщиков переводила в компании «прокладки» форекса ММСИС (Гранд Перформ, Игл Кросс и т.д.)</p>', '<p>Расследование дела Робокассы.</p><p><br></p><p>Чтобы предотвратить возврат средств по процедуре опротестования платежей chargeback платежной системе пришлось раскрыть  финансовую схему работы, противоречащую 4 статьи 10 Федерального закона от 27.06.2011 года № 161-ФЗ «О национальной платежной системе». <br></p><div>Платежная система ссылается на том, что якобы принимала платежи от клиентов, а после чего по распоряжению плательщиков переводила в компании «прокладки» форекса ММСИС (Гранд Перформ, Игл Кросс и т.д.) Однако никаких распоряжений клиент не давал для перечисления средств в платежную систему Робокассу, и далее также клиент не давал распоряжения перечисления средств от Робокасссы в ММСИС. Все же если оставить позицию Робокассы, заключающая в том, что они принимали деньги, а потом перечисляли по рапоряжению клиента в ММСИС, то все платежи свыше 15000 руб перечисленные от Робокассы в ММСИС противоречат ФЗ 161  «О национальной платежной системе» а также подпункта 1 пункт 1 статьи 7 Федерального закона от 07.08.2001 года № 115-ФЗ «О противодействии легализации (отмыванию) доходов, полученных преступным путем, и финансированию терроризма». Поскольку не была проведена идентификация для совершения операций с суммами, превышающими 15000 (пятнадцать тысяч) рублей. Платежная система не имела права проводить платежи свыше 15000, все сделки свыше данных противоречат закону и должны быть возвращены плательщику.</div><div>На основе полученных отказов банков эквайрингов о проведении процедуры возврата по правилам Международных платежных систем, а также полученной информации от платежной системы Робокассы, Finprotected приняла решение о начале судебного дела к компании Робокасса.</div><p><br></p>', 2),
(18, 1, 'novosti-platezhnyh-sistem', 'ru', 'Новости платежных систем', NULL, '', '', 1);

-- --------------------------------------------------------

--
-- Структура таблицы `yupe_comment_comment`
--

CREATE TABLE IF NOT EXISTS `yupe_comment_comment` (
  `id` int(11) NOT NULL AUTO_INCREMENT,
  `parent_id` int(11) DEFAULT NULL,
  `user_id` int(11) DEFAULT NULL,
  `model` varchar(100) NOT NULL,
  `model_id` int(11) NOT NULL,
  `url` varchar(150) DEFAULT NULL,
  `create_time` datetime NOT NULL,
  `name` varchar(150) NOT NULL,
  `email` varchar(150) NOT NULL,
  `text` text NOT NULL,
  `status` int(11) NOT NULL DEFAULT '0',
  `ip` varchar(20) DEFAULT NULL,
  `level` int(11) DEFAULT '0',
  `root` int(11) DEFAULT '0',
  `lft` int(11) DEFAULT '0',
  `rgt` int(11) DEFAULT '0',
  PRIMARY KEY (`id`),
  KEY `ix_yupe_comment_comment_status` (`status`),
  KEY `ix_yupe_comment_comment_model_model_id` (`model`,`model_id`),
  KEY `ix_yupe_comment_comment_model` (`model`),
  KEY `ix_yupe_comment_comment_model_id` (`model_id`),
  KEY `ix_yupe_comment_comment_user_id` (`user_id`),
  KEY `ix_yupe_comment_comment_parent_id` (`parent_id`),
  KEY `ix_yupe_comment_comment_level` (`level`),
  KEY `ix_yupe_comment_comment_root` (`root`),
  KEY `ix_yupe_comment_comment_lft` (`lft`),
  KEY `ix_yupe_comment_comment_rgt` (`rgt`)
) ENGINE=InnoDB DEFAULT CHARSET=utf8 AUTO_INCREMENT=1 ;

-- --------------------------------------------------------

--
-- Структура таблицы `yupe_contentblock_content_block`
--

CREATE TABLE IF NOT EXISTS `yupe_contentblock_content_block` (
  `id` int(11) NOT NULL AUTO_INCREMENT,
  `name` varchar(250) NOT NULL,
  `code` varchar(100) NOT NULL,
  `type` int(11) NOT NULL DEFAULT '1',
  `content` text NOT NULL,
  `description` varchar(255) DEFAULT NULL,
  `category_id` int(11) DEFAULT NULL,
  `status` tinyint(1) NOT NULL DEFAULT '1',
  PRIMARY KEY (`id`),
  UNIQUE KEY `ux_yupe_contentblock_content_block_code` (`code`),
  KEY `ix_yupe_contentblock_content_block_type` (`type`),
  KEY `ix_yupe_contentblock_content_block_status` (`status`)
) ENGINE=InnoDB  DEFAULT CHARSET=utf8 AUTO_INCREMENT=6 ;

--
-- Дамп данных таблицы `yupe_contentblock_content_block`
--

INSERT INTO `yupe_contentblock_content_block` (`id`, `name`, `code`, `type`, `content`, `description`, `category_id`, `status`) VALUES
(1, 'Баннер на главной', 'banner-na-glavnoy', 3, '<!-- Interactive Slider v2 --><div class="interactive-slider-v2">\r\n	<div class="container">\r\n		<h1>Finance Protected</h1>\r\n		<div><span style="color: rgb(255, 255, 255);"><span style="color: rgb(255, 255, 255);"><span style="color: rgb(155, 187, 89);"><span style="font-size: 20px;">по</span></span><span style="font-family: Arial;"><span style="font-size: 20px;"><span style="color: rgb(155, 187, 89);">можем,</span><span style="color: rgb(155, 187, 89);"> </span>защитим, </span><span style="color: rgb(155, 187, 89);"><span style="color: rgb(155, 187, 89);"><span style="font-size: 20px;">вернем</span></span></span></span> </span></span></div>\r\n		<div><span style="color: rgb(255, 255, 255);"><span style="font-size: 18px;"><span style="color: rgb(255, 255, 255);"><span style="font-size: 14px;"></span><br></span></span></span></div>\r\n	</div>\r\n</div><!-- End Interactive Slider v2 -->', '<p>баннер на главной</p>', NULL, 1),
(2, 'Подвал', 'podval', 3, '<!--=== Footer Version 1 ===--><div class="footer-v1">\r\n	<div class="footer">\r\n		<div class="container">\r\n			<div class="row">\r\n				<!-- About -->\r\n				<div class="col-md-3 md-margin-bottom-40">\r\n					<a href="index.html"><img id="logo-footer" class="footer-logo" src="/assets/c76981fb/img/logo2-default.png" alt=""></a>\r\n				</div>\r\n				<!--/col-md-3-->\r\n				<!-- End About -->\r\n				<!-- Latest -->\r\n				<div class="col-md-3 md-margin-bottom-40">\r\n					<div class="posts">\r\n						<div class="headline">\r\n							<h2>Важное</h2>\r\n						</div>\r\n						<ul class="list-unstyled latest-list">\r\n							<li>\r\n							<a href="http://finprotected.com/blog/category/vozvrat-sredstv-investorov-mmcis-i-mill-trade">Суд по делу MMCIS и Mill trade</a>\r\n							<small>Июнь 8, 2015</small>\r\n							</li>\r\n							<li>\r\n							<a href="http://finprotected.com/blogs/isk-k-dengi-online-pervaya-gruppa">Срочно! Иск к ДеньгиOnline. Дело MMCIS и Mill Trade</a>\r\n							<small>Октябрь 12, 2015</small>\r\n							</li>\r\n							<li>\r\n							<a href="#">New Terms and Conditions</a>\r\n							<small>Май 15, 2015</small>\r\n							</li>\r\n						</ul>\r\n					</div>\r\n				</div>\r\n				<!--/col-md-3-->\r\n				<!-- End Latest -->\r\n				<!-- Link List -->\r\n				<div class="col-md-3 md-margin-bottom-40">\r\n					<div class="headline">\r\n						<h2>Полезные ссылки</h2>\r\n					</div>\r\n					<ul class="list-unstyled link-list">\r\n						<li><a href="http://finprotected.com/pages/nashi-uslugi">О проекте</a><i class="fa fa-angle-right"></i></li>\r\n						<li><a href="http://finprotected.com/blog/categories">Лучшее</a><i class="fa fa-angle-right"></i></li>\r\n						<li><a href="http://finprotected.com/news/">Последнее</a><i class="fa fa-angle-right"></i></li>\r\n						<li><a href="http://finprotected.com/blogs">Сообщество</a><i class="fa fa-angle-right"></i></li>\r\n						<li><a href="http://finprotected.com/contacts">Напишите нам</a><i class="fa fa-angle-right"></i></li>\r\n					</ul>\r\n				</div>\r\n				<!--/col-md-3-->\r\n				<!-- End Link List -->\r\n				<!-- Address -->\r\n				<div class="col-md-3 map-img md-margin-bottom-40">\r\n					<div class="headline">\r\n						<h2>Обратная связь</h2>\r\n					</div>\r\n					<address class="md-margin-bottom-40">\r\n					Адрес компании для корреспонденции <br>\r\n					Санкт-Петербург, 195265<br>\r\n					а/я 62 Брачев М.Ю. <br>\r\n					Телефон: <a href="tel:+7(905) 232-11-11">+7(905) 232-11-11</a><br>\r\n					Email: <a href="mailto:ceo@finprotected.ru" class="">ceo@finprotected.ru</a>\r\n					</address>\r\n				</div>\r\n				<!--/col-md-3-->\r\n				<!-- End Address -->\r\n			</div>\r\n		</div>\r\n	</div>\r\n	<!--/footer-->\r\n	<div class="copyright">\r\n		<div class="container">\r\n			<div class="row">\r\n				<div class="col-md-6">\r\n					<p>\r\n						2015 © All Rights Reserved.\r\n						<a href="http://finprotected.com/pages/politika-konfidencialnosti-privacy-policy">Privacy Policy</a> | <a href="#">Terms of Service</a>\r\n					</p>\r\n				</div>\r\n				<!-- Social Links -->\r\n				<div class="col-md-6">\r\n					<ul class="footer-socials list-inline">\r\n						<li>\r\n						<a href="#" class="tooltips" data-toggle="tooltip" data-placement="top" title="" data-original-title="Facebook">\r\n						<i class="fa fa-facebook"></i>\r\n						</a>\r\n						</li>\r\n						<li>\r\n						<a href="skype:m.brachev?call" class="tooltips" data-toggle="tooltip" data-placement="top" title="" data-original-title="Skype">\r\n						<i class="fa fa-skype"></i>\r\n						</a>\r\n						</li>\r\n						<li>\r\n						<a href="https://vk.com/club85765435" class="tooltips" data-toggle="tooltip" data-placement="top" title="" data-original-title="Вконтакте">\r\n						<i class="fa fa-vk"></i>\r\n						</a>\r\n						</li>\r\n					</ul>\r\n				</div>\r\n				<!-- End Social Links -->\r\n			</div>\r\n		</div>\r\n	</div>\r\n	<!--/copyright-->\r\n</div><!--=== End Footer Version 1 ===-->', '<p>Блок в подвале\r\n</p>', NULL, 1),
(3, 'Возврат средств Mmcis и Mill Trade', 'vozvrat-sredstv-mmcis-i-mill-trade', 1, 'Наша компания с осени 2014 года занималась возвратом денежных средств клиентов Mmcis и Mill Trade совершивших оплаты с банковской карты. В процессе работы участники платежной системы (ПС), банки, посредники, чтобы избежать штрафов от МПС и не возвращать деньги по процедур chargeback (возврат по процедуре Visa и Master Card) выработали стратегию, результат которой, процедура chargeback стала не возможной. При этом им пришлось раскрыть модель работы, по приему денежных средств нарушившая Федеральный Закон. На основании полученных данных компания Finprotected проводит организацию коллективных судебных исков к компаниям являющимися нарушителями Законодательства:\r\n\r\n\r\n\r\n1) Сервис Робокасса (ЗАО "Океан банк")\r\n\r\n2) РБК мани.\r\n\r\n3) Деньги Online (ООО "КФЦ Эквайринг")\r\n\r\n\r\n\r\nТекущие иски:\r\n\r\n1) Иск к Робокассе 1 группа.\r\n\r\nКоличество участников: 21 человек.\r\n\r\nОснование: признание сделки ничтожной в следствии нарушения ФЗ 161, ФЗ 103, ФЗ 105.\r\n\r\nСтатус: находится в стадии подачи в суд.\r\n\r\n\r\n\r\n2) Иск к РБК 1 группа\r\n\r\nОснование: признание сделки ничтожной в следствии нарушения ФЗ 161, ФЗ 103, ФЗ 105.\r\n\r\nСтатус: находится в стадии подачи в суд.\r\n\r\nhttp://vk.com/club97602818\r\n\r\n\r\n\r\n3) Иск к Деньги Online\r\n\r\nОснование: получатель денежных средств является компанией ООО "КФЦ Эквайринг", являющейся поставщиком услуг в цепочке агентских продаж. Компания не оказала услуги.\r\n\r\nСтатус: проходит набор в группу.\r\n\r\nhttp://vk.com/club97635496\r\n\r\n\r\n\r\n4) Иск к Робокассе 2 группа.\r\n\r\nОснование: признание сделки ничтожной в следствии нарушения ФЗ 161, ФЗ 103, ФЗ 105.\r\n\r\nСтатус: находится в стадии подачи в суд.\r\n\r\nГруппа vk.com будет создана в процессе набора участников.\r\n\r\n\r\n\r\nПроцедура формирования заявки для подачи иска:\r\n\r\n\r\nВы можете подать заявку через:\r\n\r\n1) vk.com отправив заявку на вступление в закрытую группу.\r\n\r\n2) Отправив письмо - запрос о вступлении на нашем сайте через форму обратной связи.\r\n\r\n3) Отправив письмо на ceo@finprotected.ru в теме письма указав Для подачи иска к (указываете название Платежной системы).', '<p><span class="redactor-invisible-space">Предлагаем присоединится к коллективному иску. Коллективный иск выгоден тем,\r\nчто большое количество участников привлекает общественно внимание. .</span><o:p></o:p></p>', NULL, 1),
(4, 'Блок для контакты', 'blok-dlya-kontakty', 3, '<!-- Contacts --><div class="headline">\r\n	<h2>Филиал в РФ</h2>\r\n</div><ul class="list-unstyled who margin-bottom-30">\r\n	<li><a href="https://www.google.ru/maps/place/%D0%91+5,+%D0%B1%D0%B8%D0%B7%D0%BD%D0%B5%D1%81-%D1%86%D0%B5%D0%BD%D1%82%D1%80/@59.9298293,30.3744581,15z/data=!4m2!3m1!1s0x0:0x44e3c8a368021713"><i class="fa fa-home"></i>БЦ "B5" ул.Бакунина Б5, СПб</a></li>\r\n	<li><a href="#"><i class="fa fa-envelope"></i>info@finprotected.com</a></li>\r\n	<li><a href="tel:+7 (905) 232-11-11"><i class="fa fa-phone"></i>tel: +7 (905) 232-11-11</a></li>\r\n	<li><a href="#"><i class="fa fa-globe"></i>http://finprotected.com</a></li>\r\n</ul><div class="headline">\r\n	<h2>Филиал в ЕС</h2>\r\n</div><ul class="list-unstyled who margin-bottom-30">\r\n	<li><a href="https://www.google.com.ua/maps/place/Gr%C4%83dini%C5%A3a+De+Copii+NR.+53/@44.39409,26.06876,17z/data=!4m2!3m1!1s0x40b1ffc14468e5f7:0xa2faede94b3b1a6a"><i class="fa fa-home"></i>Bucharest, Sector 1, Diaconu Coresi 53</a></li>\r\n	<li><a href="#"><i class="fa fa-envelope"></i>ceo@finprotected.ru</a></li>\r\n	<li><a href="tel:+7 (953) 162-69-37"><i class="fa fa-phone"></i>tel: +7 (953) 162-69-37</a></li>\r\n	<li><a href="#"><i class="fa fa-globe"></i>http://finprotected.com</a></li>\r\n</ul><!-- Business Hours --><div class="headline">\r\n	<h2>Часы работы</h2>\r\n</div><ul class="list-unstyled margin-bottom-30">\r\n	<li><strong>Понедельник - Пятница:</strong> 12 00 до  17 00</li>\r\n	<li><strong>Суббота:</strong> 12 00  до 15 00</li>\r\n	<li><strong>Воскресенье:</strong> не работаем</li>\r\n</ul><!-- Why we are? --><div class="headline">\r\n	<h2>Почему мы?</h2>\r\n</div><p>Audemus jura nostra defendere.<br> (лат. <span class="white"><em>Мы защищаем наши права</em>. ) </span>\r\n</p><ul class="list-unstyled">\r\n	<li><i class="fa fa-check color-green"></i> Опыт и знания</li>\r\n	<li><i class="fa fa-check color-green"></i> Работа на результат</li>\r\n	<li><i class="fa fa-check color-green"></i> Прогрессивные методы </li>\r\n</ul>', '<p>Блок для страницы контакты\r\n</p>', NULL, 1),
(5, 'Счетчики', 'schetchiki', 4, '(function(i,s,o,g,r,a,m){i[''GoogleAnalyticsObject'']=r;i[r]=i[r]||function(){\r\n(i[r].q=i[r].q||[]).push(arguments)},i[r].l=1*new Date();a=s.createElement(o),\r\nm=s.getElementsByTagName(o)[0];a.async=1;a.src=g;m.parentNode.insertBefore(a,m)\r\n})(window,document,''script'',''//www.google-analytics.com/analytics.js'',''ga'');\r\n\r\nga(''create'', ''UA-29492828-2'', ''auto'');\r\nga(''send'', ''pageview'');', '<p>Счетчики яндекса, гугла и другие, отображается сразу после тэга &lt;body&gt;</p>', NULL, 1);

-- --------------------------------------------------------

--
-- Структура таблицы `yupe_dictionary_dictionary_data`
--

CREATE TABLE IF NOT EXISTS `yupe_dictionary_dictionary_data` (
  `id` int(11) NOT NULL AUTO_INCREMENT,
  `group_id` int(11) NOT NULL,
  `code` varchar(100) NOT NULL,
  `name` varchar(250) NOT NULL,
  `value` varchar(250) NOT NULL,
  `description` varchar(250) NOT NULL DEFAULT '',
  `create_time` datetime NOT NULL,
  `update_time` datetime NOT NULL,
  `create_user_id` int(11) DEFAULT NULL,
  `update_user_id` int(11) DEFAULT NULL,
  `status` int(11) NOT NULL DEFAULT '1',
  PRIMARY KEY (`id`),
  UNIQUE KEY `ux_yupe_dictionary_dictionary_data_code_unique` (`code`),
  KEY `ix_yupe_dictionary_dictionary_data_group_id` (`group_id`),
  KEY `ix_yupe_dictionary_dictionary_data_create_user_id` (`create_user_id`),
  KEY `ix_yupe_dictionary_dictionary_data_update_user_id` (`update_user_id`),
  KEY `ix_yupe_dictionary_dictionary_data_status` (`status`)
) ENGINE=InnoDB DEFAULT CHARSET=utf8 AUTO_INCREMENT=1 ;

-- --------------------------------------------------------

--
-- Структура таблицы `yupe_dictionary_dictionary_group`
--

CREATE TABLE IF NOT EXISTS `yupe_dictionary_dictionary_group` (
  `id` int(11) NOT NULL AUTO_INCREMENT,
  `code` varchar(100) NOT NULL,
  `name` varchar(250) NOT NULL,
  `description` varchar(250) NOT NULL DEFAULT '',
  `create_time` datetime NOT NULL,
  `update_time` datetime NOT NULL,
  `create_user_id` int(11) DEFAULT NULL,
  `update_user_id` int(11) DEFAULT NULL,
  PRIMARY KEY (`id`),
  UNIQUE KEY `ux_yupe_dictionary_dictionary_group_code` (`code`),
  KEY `ix_yupe_dictionary_dictionary_group_create_user_id` (`create_user_id`),
  KEY `ix_yupe_dictionary_dictionary_group_update_user_id` (`update_user_id`)
) ENGINE=InnoDB DEFAULT CHARSET=utf8 AUTO_INCREMENT=1 ;

-- --------------------------------------------------------

--
-- Структура таблицы `yupe_feedback_feedback`
--

CREATE TABLE IF NOT EXISTS `yupe_feedback_feedback` (
  `id` int(11) NOT NULL AUTO_INCREMENT,
  `category_id` int(11) DEFAULT NULL,
  `answer_user` int(11) DEFAULT NULL,
  `create_time` datetime NOT NULL,
  `update_time` datetime NOT NULL,
  `name` varchar(150) NOT NULL,
  `email` varchar(150) NOT NULL,
  `phone` varchar(150) DEFAULT NULL,
  `theme` varchar(250) NOT NULL,
  `text` text NOT NULL,
  `type` int(11) NOT NULL DEFAULT '0',
  `answer` text NOT NULL,
  `answer_time` datetime DEFAULT NULL,
  `is_faq` int(11) NOT NULL DEFAULT '0',
  `status` int(11) NOT NULL DEFAULT '0',
  `ip` varchar(20) NOT NULL,
  PRIMARY KEY (`id`),
  KEY `ix_yupe_feedback_feedback_category` (`category_id`),
  KEY `ix_yupe_feedback_feedback_type` (`type`),
  KEY `ix_yupe_feedback_feedback_status` (`status`),
  KEY `ix_yupe_feedback_feedback_isfaq` (`is_faq`),
  KEY `ix_yupe_feedback_feedback_answer_user` (`answer_user`)
) ENGINE=InnoDB DEFAULT CHARSET=utf8 AUTO_INCREMENT=1 ;

-- --------------------------------------------------------

--
-- Структура таблицы `yupe_gallery_gallery`
--

CREATE TABLE IF NOT EXISTS `yupe_gallery_gallery` (
  `id` int(11) NOT NULL AUTO_INCREMENT,
  `name` varchar(250) NOT NULL,
  `description` text,
  `status` int(11) NOT NULL DEFAULT '1',
  `owner` int(11) DEFAULT NULL,
  PRIMARY KEY (`id`),
  KEY `ix_yupe_gallery_gallery_status` (`status`),
  KEY `ix_yupe_gallery_gallery_owner` (`owner`)
) ENGINE=InnoDB DEFAULT CHARSET=utf8 AUTO_INCREMENT=1 ;

-- --------------------------------------------------------

--
-- Структура таблицы `yupe_gallery_image_to_gallery`
--

CREATE TABLE IF NOT EXISTS `yupe_gallery_image_to_gallery` (
  `id` int(11) NOT NULL AUTO_INCREMENT,
  `image_id` int(11) NOT NULL,
  `gallery_id` int(11) NOT NULL,
  `create_time` datetime NOT NULL,
  PRIMARY KEY (`id`),
  UNIQUE KEY `ux_yupe_gallery_image_to_gallery_gallery_to_image` (`image_id`,`gallery_id`),
  KEY `ix_yupe_gallery_image_to_gallery_gallery_to_image_image` (`image_id`),
  KEY `ix_yupe_gallery_image_to_gallery_gallery_to_image_gallery` (`gallery_id`)
) ENGINE=InnoDB DEFAULT CHARSET=utf8 AUTO_INCREMENT=1 ;

-- --------------------------------------------------------

--
-- Структура таблицы `yupe_image_image`
--

CREATE TABLE IF NOT EXISTS `yupe_image_image` (
  `id` int(11) NOT NULL AUTO_INCREMENT,
  `category_id` int(11) DEFAULT NULL,
  `parent_id` int(11) DEFAULT NULL,
  `name` varchar(250) NOT NULL,
  `description` text,
  `file` varchar(250) NOT NULL,
  `create_time` datetime NOT NULL,
  `user_id` int(11) DEFAULT NULL,
  `alt` varchar(250) NOT NULL,
  `type` int(11) NOT NULL DEFAULT '0',
  `status` int(11) NOT NULL DEFAULT '1',
  `sort` int(11) NOT NULL DEFAULT '1',
  PRIMARY KEY (`id`),
  KEY `ix_yupe_image_image_status` (`status`),
  KEY `ix_yupe_image_image_user` (`user_id`),
  KEY `ix_yupe_image_image_type` (`type`),
  KEY `ix_yupe_image_image_category_id` (`category_id`),
  KEY `fk_yupe_image_image_parent_id` (`parent_id`)
) ENGINE=InnoDB  DEFAULT CHARSET=utf8 AUTO_INCREMENT=130 ;

--
-- Дамп данных таблицы `yupe_image_image`
--

INSERT INTO `yupe_image_image` (`id`, `category_id`, `parent_id`, `name`, `description`, `file`, `create_time`, `user_id`, `alt`, `type`, `status`, `sort`) VALUES
(12, NULL, NULL, 'лицензия3.jpg', '', '930b65530fb514d06baac3797b3eb945.jpg', '2015-07-07 00:26:34', 1, 'лицензия3.jpg', 0, 1, 12),
(13, NULL, NULL, 'лицензия4.jpeg', '', '59dc97aa2eaab29f817a4bf5e42ae6e0.jpeg', '2015-07-07 00:29:47', 1, 'лицензия4.jpeg', 0, 1, 13),
(14, NULL, NULL, 'судебный иск.jpg', '', '36b5d783a732b053329c0dbda425fcdf.jpg', '2015-07-07 00:34:08', 1, 'судебный иск.jpg', 0, 1, 14),
(15, NULL, NULL, 'Прочие юридические услуги 2.jpg', '', '569d87b0d728f5a5af6ca21322eb5f24.jpg', '2015-07-07 00:36:32', 1, 'Прочие юридические услуги 2.jpg', 0, 1, 15),
(16, NULL, NULL, 'Прочие юридические услуги 2.jpg', '', '515f43d85fc8704f44d82783d13e89be.jpg', '2015-07-07 00:37:39', 1, 'Прочие юридические услуги 2.jpg', 0, 1, 16),
(17, NULL, NULL, 'Разработать для Вашего интернет проекта наиболее безопасную модель работы с Платежными системами 4.jpg', '', '97bce4f9bca46a6dc62e2660cbb2d628.jpg', '2015-07-07 00:40:14', 1, 'Разработать для Вашего интернет проекта наиболее безопасную модель работы с Платежными системами 4.jpg', 0, 1, 17),
(18, NULL, NULL, 'money-gift.jpg', '', '4acf16e34606704a0ce6b2110638050c.jpg', '2015-07-07 00:43:18', 1, 'money-gift.jpg', 0, 1, 18),
(19, NULL, NULL, 'Возврат-средств-300x200.jpg', '', 'bf3c15563b680eabb6990b9ce9d958f1.jpg', '2015-07-07 00:44:50', 1, 'Возврат-средств-300x200.jpg', 0, 1, 19),
(20, NULL, NULL, 'Открыть фирму в любой юрисдикции для организации приема платежей.15.jpg', '', '171f153c90b480836fe4e3d9abc1b910.jpg', '2015-07-07 00:51:08', 1, 'Открыть фирму в любой юрисдикции для организации приема платежей.15.jpg', 0, 1, 20),
(21, NULL, NULL, 'images.jpg', '', '11353655111b6cb80588fc70fdb4db1d.jpg', '2015-07-07 22:56:58', 1, 'images.jpg', 0, 1, 21),
(22, NULL, NULL, 'Что-могут-изъять-судебные-приставы-при-неуплате-долга.jpg', '', 'e0ee464a0d70c0025f8b5e45a79a4150.jpg', '2015-07-07 23:02:14', 1, 'Что-могут-изъять-судебные-приставы-при-неуплате-долга.jpg', 0, 1, 22),
(23, NULL, NULL, 'images.jpg', '', '54b050b1389d024bc4b3ec4fccfc804a.jpg', '2015-07-07 23:02:37', 1, 'images.jpg', 0, 1, 23),
(24, NULL, NULL, 'fbjimg.jpg', '', 'c05b18c582b11fc91e21abee6deb8726.jpg', '2015-07-07 23:07:20', 1, 'fbjimg.jpg', 0, 1, 24),
(25, NULL, NULL, 'Что-могут-изъять-судебные-приставы-при-неуплате-долга.jpg', '', 'a77a2fcdbb136da55db5f0544a2b072e.jpg', '2015-07-07 23:07:37', 1, 'Что-могут-изъять-судебные-приставы-при-неуплате-долга.jpg', 0, 1, 25),
(26, NULL, NULL, 'суд.jpg', '', '70050dff56c65a84a53b7bdc832dbbac.jpg', '2015-07-07 23:18:31', 1, 'суд.jpg', 0, 1, 26),
(27, NULL, NULL, 'пристав.jpeg.jpg', '', '5af38bc1d31066fb0716ae0ff75df685.jpg', '2015-07-07 23:20:31', 1, 'пристав.jpeg.jpg', 0, 1, 27),
(28, NULL, NULL, 'пристав.jpeg.jpg', '', '48a9b501c0892794c4c62c20d5a3436f.jpg', '2015-07-07 23:20:55', 1, 'пристав.jpeg.jpg', 0, 1, 28),
(29, NULL, NULL, 'logo', 'logo1', '8e050934e80591303d7283d8f2901dad.png', '2015-07-08 10:41:38', 1, 'finprotected', 0, 1, 29),
(30, NULL, NULL, '1234.jpg', '', '6a731919bb5118853b7b41beca897726.jpg', '2015-07-08 11:03:47', 1, '1234.jpg', 0, 1, 30),
(31, NULL, NULL, 'Покупка картой в магазе1.jpg', '', 'a10b5a14cf915db38b0b499f2f9ac2b1.jpg', '2015-07-08 11:05:39', 1, 'Покупка картой в магазе1.jpg', 0, 1, 31),
(32, NULL, NULL, 'Возврат1.jpg', '', 'c8ae08310f5832de2becbbcc5fa68174.jpg', '2015-07-08 11:08:56', 1, 'Возврат1.jpg', 0, 1, 32),
(33, NULL, NULL, 'Карта  деньги1.jpg', '', '85613d37bce888e66dbafdc2b8d5165f.jpg', '2015-07-08 11:21:22', 1, 'Карта  деньги1.jpg', 0, 1, 33),
(34, NULL, NULL, 'Как-могут-обмануть-банки-пппjpg2.jpg', '', '974e3a739ba1f223787843fabb0d3b22.jpg', '2015-07-08 12:21:00', 1, 'Как-могут-обмануть-банки-пппjpg2.jpg', 0, 1, 34),
(35, NULL, NULL, 'суд1.jpg', '', 'bb81aa3cdc636add45c0c2e5c3223f4e.jpg', '2015-07-08 12:32:11', 1, 'суд1.jpg', 0, 1, 35),
(36, NULL, NULL, 'Как-могут-обмануть-банки-пппjpg2.jpg', '', '796cc5e795704ff274e02c5da8384b06.jpg', '2015-07-08 12:34:07', 1, 'Как-могут-обмануть-банки-пппjpg2.jpg', 0, 1, 36),
(37, NULL, NULL, 'иск1.jpg', '', '3d18b2b85c266d73aeeb291e87b41dff.jpg', '2015-07-08 12:37:27', 1, 'иск1.jpg', 0, 1, 37),
(38, NULL, NULL, 'банк1.jpg', '', '71403b055f18a010e8c1a15a2797c897.jpg', '2015-07-08 12:50:26', 1, 'банк1.jpg', 0, 1, 38),
(39, NULL, NULL, 'millerlawfirm-tab1.png', '', '00a95d4a5c25a15a750e06804a0cb542.png', '2015-07-09 18:04:11', 1, 'millerlawfirm-tab1.png', 0, 1, 39),
(40, NULL, NULL, 'AK.jpg', '', 'b23c53420e3a911caf7b52ed8c28415f.jpg', '2015-07-11 19:40:25', 1, 'AK.jpg', 0, 1, 40),
(41, NULL, NULL, 'ЕА.jpg', '', 'f901d40aa035107364b13f2257d18192.jpg', '2015-07-11 20:30:26', 1, 'ЕА.jpg', 0, 1, 41),
(42, NULL, NULL, 'СВ.jpg', '', 'ab3b03aee384ba2eb65fbc053a5c8efd.jpg', '2015-07-11 20:39:31', 1, 'СВ.jpg', 0, 1, 42),
(43, NULL, NULL, 'АА.jpg', '', '072e21e9e282c8c1c50756a19a6c9b0f.jpg', '2015-07-11 20:54:25', 1, 'АА.jpg', 0, 1, 43),
(44, NULL, NULL, 'МА.jpg', '', '144e0f9a6c941c89c97e09b9785e027e.jpg', '2015-07-11 21:07:31', 1, 'МА.jpg', 0, 1, 44),
(45, NULL, NULL, 'ВМ.jpg', '', 'ad16278190550c68f56f8c8fbcb269be.jpg', '2015-07-11 21:20:37', 1, 'ВМ.jpg', 0, 1, 45),
(46, NULL, NULL, 'МБ.jpg', '', 'beb6a812df71a2b096126391688cb948.jpg', '2015-07-11 21:47:29', 1, 'МБ.jpg', 0, 1, 46),
(47, NULL, NULL, 'ТЛ.jpg', '', '6d9ccda240af0105cecd62c21cfafd55.jpg', '2015-07-15 23:10:16', 1, 'ТЛ.jpg', 0, 1, 47),
(48, NULL, NULL, '111.jpg', '', 'b7b691973a979d7065145ab76bfbcdf7.jpg', '2015-07-16 21:39:36', 1, '111.jpg', 0, 1, 48),
(49, NULL, NULL, 'save_money.jpg', '', 'a9974ec7e0a9a7834921e39f343583c5.jpg', '2015-07-26 09:35:13', 1, 'save_money.jpg', 0, 1, 49),
(50, NULL, NULL, 'довольный мужчина.jpg', '', '562c9c60619decc5ad305f4a7fd4749e.jpg', '2015-07-26 09:41:04', 1, 'довольный мужчина.jpg', 0, 1, 50),
(51, NULL, NULL, 'help booton.jpg', '', 'c9b5a2d9b6020f57f64d02c9f49d3c29.jpg', '2015-07-26 09:42:44', 1, 'help booton.jpg', 0, 1, 51),
(52, NULL, NULL, 'мошенники.jpg', '', 'eff24d387f055f65500b8a6117ecd041.jpg', '2015-07-26 09:45:21', 1, 'мошенники.jpg', 0, 1, 52),
(53, NULL, NULL, 'мошенники.jpg', '', '7e87fea4cf7363c401503b5a41b28671.jpg', '2015-07-26 09:53:17', 1, 'мошенники.jpg', 0, 1, 53),
(54, NULL, NULL, 'сейф3.jpg', '', '45c956c2e26e3e113b5be71eab6eb2a8.jpg', '2015-07-26 10:05:57', 1, 'сейф3.jpg', 0, 1, 54),
(55, NULL, NULL, 'сейф3.jpg', '', 'f0a400a46f010813256e59243adb3072.jpg', '2015-07-26 10:06:44', 1, 'сейф3.jpg', 0, 1, 55),
(56, NULL, NULL, 'Довольная девушка с картой.jpg', '', 'f6b89c32dedcb626017a7d06dea96b8c.jpg', '2015-07-26 10:15:16', 1, 'Довольная девушка с картой.jpg', 0, 1, 56),
(57, NULL, NULL, 'e-commerce1.jpg', '', '72c33ec3a6f13cd1001889836e1497ca.jpg', '2015-07-26 10:29:31', 1, 'e-commerce1.jpg', 0, 1, 57),
(58, NULL, NULL, 'рост-продаж-графиккопирование.jpg', '', '13a4f3d1d431173db64f17b6b9aa7696.jpg', '2015-07-26 10:32:25', 1, 'рост-продаж-графиккопирование.jpg', 0, 1, 58),
(59, NULL, NULL, 'finance12.jpg', '', '47d0d502a95759e9bef94af0b26f5951.jpg', '2015-07-26 10:42:45', 1, 'finance12.jpg', 0, 1, 59),
(60, NULL, NULL, 'business pay.jpg', '', '741e26065f538bd0710b22f92cc32336.jpg', '2015-07-26 10:48:28', 1, 'business pay.jpg', 0, 1, 60),
(61, NULL, NULL, 'флажки и карта.jpg', '', '8ea91bd06174b16ed5f792a7c61f6545.jpg', '2015-07-26 10:56:19', 1, 'флажки и карта.jpg', 0, 1, 61),
(62, NULL, NULL, 'Happy-Business.jpg', '', '3a4ad12d2d58277c751b1ba111a65938.jpg', '2015-07-26 10:58:42', 1, 'Happy-Business.jpg', 0, 1, 62),
(63, NULL, NULL, 'косультант.jpg', '', '0192f561f6a49528c3dd05e9e82226be.jpg', '2015-07-26 11:05:59', 1, 'косультант.jpg', 0, 1, 63),
(64, NULL, NULL, 'аутсорсинг юрист.jpg', '', '3f6cd329698eaa00f5ce96b1aadd40fe.jpg', '2015-07-26 11:10:31', 1, 'аутсорсинг юрист.jpg', 0, 1, 64),
(65, NULL, NULL, 'договор.jpg', '', '66b1ce89bb800343ecbd5cdd79482cfa.jpg', '2015-07-26 11:15:47', 1, 'договор.jpg', 0, 1, 65),
(66, NULL, NULL, 'obman-v-internet.jpg', '', '47116f7765c17d6a6d1aebbe65f9fb53.jpg', '2015-07-26 11:19:06', 1, 'obman-v-internet.jpg', 0, 1, 66),
(67, NULL, NULL, 'ContentImageHandler.jpg', '', '5f69ab8926fcd1a95f82ea05c171cac4.jpg', '2015-07-26 11:22:27', 1, 'ContentImageHandler.jpg', 0, 1, 67),
(68, NULL, NULL, 'детектор лжи.jpg', '', 'e2efc78188de298cec80544bcad4a512.jpg', '2015-07-26 11:25:29', 1, 'детектор лжи.jpg', 0, 1, 68),
(69, NULL, NULL, 'активы.jpg', '', '06a5b968cfc28490a3de117bce18d4a2.jpg', '2015-07-26 11:29:26', 1, 'активы.jpg', 0, 1, 69),
(70, NULL, NULL, 'chargeback-service-information.jpg', '', 'ddb8c7fe4654c22e1d2d205ff6b99155.jpg', '2015-07-26 11:38:06', 1, 'chargeback-service-information.jpg', 0, 1, 70),
(71, NULL, NULL, 'Лицензия.jpg', '', '852d84f19014c1077293de9d44c39cf6.jpg', '2015-07-26 11:43:23', 1, 'Лицензия.jpg', 0, 1, 71),
(72, NULL, NULL, 'litsenz.jpg', '', 'd0137750398771fedac2237fdc8f5517.jpg', '2015-07-26 11:46:57', 1, 'litsenz.jpg', 0, 1, 72),
(73, NULL, NULL, 'biz.jpg', '', '8399bd1690b995fb99792aff63a34172.jpg', '2015-07-26 12:04:47', 1, 'biz.jpg', 0, 1, 73),
(74, NULL, NULL, 'biz.jpg', '', '3eb7904857a3192f02a300c3db145ed6.jpg', '2015-07-26 12:05:03', 1, 'biz.jpg', 0, 1, 74),
(75, NULL, NULL, 'documentation.jpg', '', '28695ddb19778cd18e4ce17cf8ec546d.jpg', '2015-07-26 12:16:04', 1, 'documentation.jpg', 0, 1, 75),
(76, NULL, NULL, 'Kondakov.jpg', '', '1ce6b4e6bffe01ab19ad97fee5130cc8.jpg', '2015-08-12 18:57:09', 4, 'Kondakov.jpg', 0, 1, 76),
(77, NULL, NULL, 'images (2).jpg', '', '9817350253cb63a8b1f636ec867624a1.jpg', '2015-08-12 19:55:52', 4, 'images (2).jpg', 0, 1, 77),
(78, NULL, NULL, 'images (2).jpg', '', '6cf3275b6872f0b538c70485b7087191.jpg', '2015-08-12 20:01:24', 4, 'images (2).jpg', 0, 1, 78),
(79, NULL, NULL, '1083.jpg', '', 'e9bf30c737b0d41c2f598bfd4817329d.jpg', '2015-08-14 19:55:48', 4, '1083.jpg', 0, 1, 79),
(80, NULL, NULL, 'взлом атм.jpg', '', '05de5a611a3e1e9427ded735d48ccd55.jpg', '2015-08-14 21:34:23', 4, 'взлом атм.jpg', 0, 1, 80),
(81, NULL, NULL, 'MMcis investmens.jpg', '', 'ab37025c028d452e10451143fb4c3b13.jpg', '2015-08-15 16:46:58', 1, 'MMcis investmens.jpg', 0, 1, 81),
(82, NULL, NULL, 'ММСИС парадная.jpg', '', 'cd73435989ea87995906bf43fbd99927.jpg', '2015-08-15 17:06:07', 1, 'ММСИС парадная.jpg', 0, 1, 82),
(83, NULL, NULL, 'вкупон.jpg', '', '899329ed4ab0d8200e1912dbd89ae10f.jpg', '2015-08-16 15:54:18', 1, 'вкупон.jpg', 0, 1, 83),
(84, NULL, NULL, 'вкупон.jpg', '', '3fc33aecef11581349bdf80d775cbff8.jpg', '2015-08-16 15:57:19', 1, 'вкупон.jpg', 0, 1, 84),
(85, NULL, NULL, 'кнопка возврат.jpg', '', '6fc04b4e5ce2f3de322bc70cbed50f7c.jpg', '2015-08-16 16:16:05', 1, 'кнопка возврат.jpg', 0, 1, 85),
(86, NULL, NULL, 'пустая посылка.jpg', '', '9d97b7bceb44bd3437b91c0e0fa0ea1a.jpg', '2015-08-16 16:39:08', 1, 'пустая посылка.jpg', 0, 1, 86),
(87, NULL, NULL, 'Лицензия-Пантеон-Финанс.png', '', 'f972af14962c4b1f9a1f51d82a447a31.png', '2015-08-22 11:31:15', 4, 'Лицензия-Пантеон-Финанс.png', 0, 1, 87),
(88, NULL, NULL, 'sejf-1920x1080-25813995.jpg', '', 'ca83a02d60837c593d59ebe00b4c75e4.jpg', '2015-08-22 11:33:22', 4, 'sejf-1920x1080-25813995.jpg', 0, 1, 88),
(89, NULL, NULL, '658276694.jpg', '', '534556de11e5751e690dd244970f8658.jpg', '2015-08-22 11:34:59', 4, '658276694.jpg', 0, 1, 89),
(90, NULL, NULL, 'Современный-навесной-замок-на-старой-деревянной-двери-1261725468_29.jpg', '', '14bdff268b4da1b668f6415b4b991f18.jpg', '2015-08-22 11:37:50', 4, 'Современный-навесной-замок-на-старой-деревянной-двери-1261725468_29.jpg', 0, 1, 90),
(91, NULL, NULL, 'сейф 1.jpg', '', '7fec98fee8c62a4bb447fe0030c4375b.jpg', '2015-08-22 15:43:14', 1, 'сейф 1.jpg', 0, 1, 91),
(92, NULL, NULL, 'сумка с баксами 1.jpg', '', '016b169539444f1a53ec03e8db2d7bc1.jpg', '2015-08-22 15:56:00', 1, 'сумка с баксами 1.jpg', 0, 1, 92),
(93, NULL, NULL, 'сумка с баксами 1.jpg', '', '45746513c2c31e124e7fba44c427781b.jpg', '2015-08-22 15:56:40', 1, 'сумка с баксами 1.jpg', 0, 1, 93),
(94, NULL, NULL, 'замок дверь 1.jpg', '', '4b0e76644fad2806da6f6f6a7424f26a.jpg', '2015-08-22 15:58:53', 1, 'замок дверь 1.jpg', 0, 1, 94),
(95, NULL, NULL, 'купон1.png', '', '1e4a675e61bed1fc4884cd36c6c64d5d.png', '2015-08-26 17:10:15', 4, 'купон1.png', 0, 1, 95),
(96, NULL, NULL, 'купон1.png', '', '98036faab8408b226c5afaf1065bb460.png', '2015-08-26 17:10:58', 4, 'купон1.png', 0, 1, 96),
(97, NULL, NULL, 'купон2.png', '', '601e7efa0e957685b3768278cd31ec19.png', '2015-08-26 17:14:03', 4, 'купон2.png', 0, 1, 97),
(98, NULL, NULL, 'купон1.png', '', 'fa2b1a6c8af8aa9d205516acf316f8d7.png', '2015-08-26 19:05:19', 4, 'купон1.png', 0, 1, 98),
(99, NULL, NULL, 'купон2.png', '', '60df63ae0315b56403b7361e2eb4c7b4.png', '2015-08-26 19:05:59', 4, 'купон2.png', 0, 1, 99),
(100, NULL, NULL, 'lozshka (2).jpg', '', 'd83e5138b09c63f96079b292542d18d1.jpg', '2015-08-26 19:10:37', 4, 'lozshka (2).jpg', 0, 1, 100),
(101, NULL, NULL, 'c9e9c70d782350a411ec4840e4495c64.jpg', '', 'a5ee719f68e91fc10b15a456aa7908c5.jpg', '2015-08-28 16:59:35', 4, 'c9e9c70d782350a411ec4840e4495c64.jpg', 0, 1, 101),
(102, NULL, NULL, 'c9e9c70d782350a411ec4840e4495c64.jpg', '', '0b0f2e76eeb2696b867f2d1d69713ac8.jpg', '2015-08-28 17:00:55', 4, 'c9e9c70d782350a411ec4840e4495c64.jpg', 0, 1, 102),
(103, NULL, NULL, 'c9e9c70d782350a411ec4840e4495c64.jpg', '', '813153321a5d80666095b837b3ef4f9e.jpg', '2015-08-28 17:02:32', 4, 'c9e9c70d782350a411ec4840e4495c64.jpg', 0, 1, 103),
(104, NULL, NULL, 'Бонприкс_закон.jpg', '', '66ab499f304716c2b65fb02619e324bc.jpg', '2015-08-28 17:19:25', 4, 'Бонприкс_закон.jpg', 0, 1, 104),
(105, NULL, NULL, 'контракт.jpg', '', '53c8fb329e083cfbac4c17f3363ec3a6.jpg', '2015-08-28 17:19:53', 4, 'контракт.jpg', 0, 1, 105),
(106, NULL, NULL, 'контракт.jpg', '', 'e3f944390b165494d5bdf88d22192772.jpg', '2015-08-28 17:20:13', 4, 'контракт.jpg', 0, 1, 106),
(107, NULL, NULL, '504x400_22232.jpg', '', '72d956ba445640be12e83a5024c18d7d.jpg', '2015-08-28 17:21:11', 4, '504x400_22232.jpg', 0, 1, 107),
(108, NULL, NULL, 'купон1.png', '', '1833125e834d893e086b380f96b6f3bb.png', '2015-10-05 19:08:32', 4, 'купон1.png', 0, 1, 108),
(109, NULL, NULL, 'купон2.png', '', 'b06e9f4eb882e82701bdc50b73f8009d.png', '2015-10-05 19:09:15', 4, 'купон2.png', 0, 1, 109),
(110, NULL, NULL, 'контракт.jpg', '', '6bd572f59119f4850d2f42e95f3f7860.jpg', '2015-10-06 14:48:54', 4, 'контракт.jpg', 0, 1, 110),
(111, NULL, NULL, 'Бонприкс_закон.jpg', '', '192f49c7b763c315f3e37c477ca8478d.jpg', '2015-10-06 14:49:45', 4, 'Бонприкс_закон.jpg', 0, 1, 111),
(112, NULL, NULL, '504x400_22232.jpg', '', '5e49251f4642b13d22d8098e788ba539.jpg', '2015-10-06 14:50:14', 4, '504x400_22232.jpg', 0, 1, 112),
(113, NULL, NULL, 'С1.jpg', '', '728e0ce948aad0aea0c2df8371ee7de6.jpg', '2015-10-15 12:49:23', 4, 'С1.jpg', 0, 1, 113),
(114, NULL, NULL, 'С2.jpg', '', '32155d7dd6005c1924e2b3b8aa73eb1c.jpg', '2015-10-15 12:50:10', 4, 'С2.jpg', 0, 1, 114),
(115, NULL, NULL, 'С3.jpg', '', 'b90a9883416b13ac170a6ea1834f9f89.jpg', '2015-10-15 12:50:40', 4, 'С3.jpg', 0, 1, 115),
(116, NULL, NULL, 'С1.jpg', '', '9f6f550fadfa88eb53375191c27d9d12.jpg', '2015-10-15 12:51:28', 4, 'С1.jpg', 0, 1, 116),
(117, NULL, NULL, 'С2.jpg', '', 'd079b325722a4941d5bfdb304be4adbc.jpg', '2015-10-15 12:52:08', 4, 'С2.jpg', 0, 1, 117),
(118, NULL, NULL, 'С2.jpg', '', '85934165038a77d4cf75291ad9493751.jpg', '2015-10-15 12:52:55', 4, 'С2.jpg', 0, 1, 118),
(119, NULL, NULL, 'С3.jpg', '', '53b9f3a3a5f29f35d376e4a210eee875.jpg', '2015-10-15 12:53:15', 4, 'С3.jpg', 0, 1, 119),
(120, NULL, NULL, '1.png', '', 'a9183e8dce58ba41db8842383c941841.png', '2015-10-16 13:09:40', 1, '1.png', 0, 1, 120),
(121, NULL, NULL, '1.png', '', '4a49c07de7b7c2f507d2d84d343af420.png', '2015-10-16 13:22:47', 1, '1.png', 0, 1, 121),
(122, NULL, NULL, '1-2.png', '', 'd4eb0d290830e9ba540ce5dd41bc554b.png', '2015-10-16 13:25:39', 1, '1-2.png', 0, 1, 122),
(123, NULL, NULL, '1-3.png', '', '1a44edda173b24a6d549d3046515891c.png', '2015-10-16 13:31:40', 1, '1-3.png', 0, 1, 123),
(124, NULL, NULL, '2-1.png', '', '32f887b65e3410e5259dcdb66af9195b.png', '2015-10-16 13:36:30', 1, '2-1.png', 0, 1, 124),
(125, NULL, NULL, '2-3.png', '', '75de451736fad24140068d403cc1387c.png', '2015-10-16 13:41:50', 1, '2-3.png', 0, 1, 125),
(126, NULL, NULL, '3-3.png', '', 'f0d11d8ae3817e84088718799280bc60.png', '2015-10-16 13:47:30', 1, '3-3.png', 0, 1, 126),
(127, NULL, NULL, '1.png', '', '5597bcf3ad585864c9ed039740998186.png', '2015-10-16 14:05:39', 1, '1.png', 0, 1, 127),
(128, NULL, NULL, '1-2.png', '', '70d864da5c75e47d740ee587b4c48626.png', '2015-10-16 14:05:55', 1, '1-2.png', 0, 1, 128),
(129, NULL, NULL, '1-3.png', '', 'd253fb001d9df9d128ea7a1bcb51cecd.png', '2015-10-16 14:06:12', 1, '1-3.png', 0, 1, 129);

-- --------------------------------------------------------

--
-- Структура таблицы `yupe_mail_mail_event`
--

CREATE TABLE IF NOT EXISTS `yupe_mail_mail_event` (
  `id` int(11) NOT NULL AUTO_INCREMENT,
  `code` varchar(150) NOT NULL,
  `name` varchar(150) NOT NULL,
  `description` text,
  PRIMARY KEY (`id`),
  UNIQUE KEY `ux_yupe_mail_mail_event_code` (`code`)
) ENGINE=InnoDB DEFAULT CHARSET=utf8 AUTO_INCREMENT=1 ;

-- --------------------------------------------------------

--
-- Структура таблицы `yupe_mail_mail_template`
--

CREATE TABLE IF NOT EXISTS `yupe_mail_mail_template` (
  `id` int(11) NOT NULL AUTO_INCREMENT,
  `code` varchar(150) NOT NULL,
  `event_id` int(11) NOT NULL,
  `name` varchar(150) NOT NULL,
  `description` text,
  `from` varchar(150) NOT NULL,
  `to` varchar(150) NOT NULL,
  `theme` text NOT NULL,
  `body` text NOT NULL,
  `status` int(11) NOT NULL DEFAULT '1',
  PRIMARY KEY (`id`),
  UNIQUE KEY `ux_yupe_mail_mail_template_code` (`code`),
  KEY `ix_yupe_mail_mail_template_status` (`status`),
  KEY `ix_yupe_mail_mail_template_event_id` (`event_id`)
) ENGINE=InnoDB DEFAULT CHARSET=utf8 AUTO_INCREMENT=1 ;

-- --------------------------------------------------------

--
-- Структура таблицы `yupe_menu_menu`
--

CREATE TABLE IF NOT EXISTS `yupe_menu_menu` (
  `id` int(11) NOT NULL AUTO_INCREMENT,
  `name` varchar(255) NOT NULL,
  `code` varchar(255) NOT NULL,
  `description` varchar(255) NOT NULL,
  `status` int(11) NOT NULL DEFAULT '1',
  PRIMARY KEY (`id`),
  UNIQUE KEY `ux_yupe_menu_menu_code` (`code`),
  KEY `ix_yupe_menu_menu_status` (`status`)
) ENGINE=InnoDB  DEFAULT CHARSET=utf8 AUTO_INCREMENT=2 ;

--
-- Дамп данных таблицы `yupe_menu_menu`
--

INSERT INTO `yupe_menu_menu` (`id`, `name`, `code`, `description`, `status`) VALUES
(1, 'Верхнее меню', 'top-menu', 'Основное меню сайта, расположенное сверху в блоке mainmenu.', 1);

-- --------------------------------------------------------

--
-- Структура таблицы `yupe_menu_menu_item`
--

CREATE TABLE IF NOT EXISTS `yupe_menu_menu_item` (
  `id` int(11) NOT NULL AUTO_INCREMENT,
  `parent_id` int(11) NOT NULL,
  `menu_id` int(11) NOT NULL,
  `regular_link` tinyint(1) NOT NULL DEFAULT '0',
  `title` varchar(150) NOT NULL,
  `href` varchar(150) NOT NULL,
  `class` varchar(150) NOT NULL,
  `title_attr` varchar(150) NOT NULL,
  `before_link` varchar(150) NOT NULL,
  `after_link` varchar(150) NOT NULL,
  `target` varchar(150) NOT NULL,
  `rel` varchar(150) NOT NULL,
  `condition_name` varchar(150) DEFAULT '0',
  `condition_denial` int(11) DEFAULT '0',
  `sort` int(11) NOT NULL DEFAULT '1',
  `status` int(11) NOT NULL DEFAULT '1',
  PRIMARY KEY (`id`),
  KEY `ix_yupe_menu_menu_item_menu_id` (`menu_id`),
  KEY `ix_yupe_menu_menu_item_sort` (`sort`),
  KEY `ix_yupe_menu_menu_item_status` (`status`)
) ENGINE=InnoDB  DEFAULT CHARSET=utf8 AUTO_INCREMENT=39 ;

--
-- Дамп данных таблицы `yupe_menu_menu_item`
--

INSERT INTO `yupe_menu_menu_item` (`id`, `parent_id`, `menu_id`, `regular_link`, `title`, `href`, `class`, `title_attr`, `before_link`, `after_link`, `target`, `rel`, `condition_name`, `condition_denial`, `sort`, `status`) VALUES
(1, 0, 1, 1, 'Главная', 'http://finprotected.com/', '', 'Главная страница сайта', '', '', '', '', '', 0, 1, 1),
(2, 0, 1, 0, 'Дела в работе', '/blog/blog/index', '', 'Проекты и иски ', '', '', '', '', '', 0, 7, 1),
(3, 2, 1, 0, 'Пользователи', '/user/people/index', '', 'Пользователи', '', '', '', '', '', 0, 10, 0),
(4, 0, 1, 0, 'Wiki', '/wiki/default/index', '', 'Wiki', '', '', '', '', '', 0, 7, 0),
(5, 0, 1, 0, 'Войти', '/user/account/login', 'login-text', 'Войти на сайт', '', '', '', '', 'isAuthenticated', 1, 14, 0),
(6, 0, 1, 0, 'Выйти', '/user/account/logout', 'login-text', 'Выйти', '', '', '', '', 'isAuthenticated', 0, 18, 0),
(7, 0, 1, 0, 'Регистрация', '/user/account/registration', 'login-text', 'Регистрация на сайте', '', '', '', '', 'isAuthenticated', 1, 15, 0),
(8, 0, 1, 0, 'Панель управления', '/yupe/backend/index', 'login-text', 'Панель управления сайтом', '', '', '', '', 'isSuperUser', 0, 19, 1),
(9, 0, 1, 0, 'FAQ', '/feedback/contact/faq', '', 'FAQ', '', '', '', '', '', 0, 11, 0),
(10, 0, 1, 0, 'Контакты', '/feedback/contact/index', '', 'Контакты', '', '', '', '', '', 0, 12, 1),
(11, 0, 1, 0, 'Магазин услуг', '/store/catalog/index', '', 'Магазин', '', '', '', '', '', 0, 17, 0),
(12, 0, 1, 1, 'Новости', '/news/', '', 'Новости', '', '', '', '', '', 0, 1, 1),
(13, 0, 1, 1, 'Услуги', '/pages/nashi-uslugi', '', 'Услуги Finprotected', '', '', '', '', '', 0, 2, 1),
(14, 0, 1, 1, 'Рейтинги и аудит ', '/pages/reytingi-i-analizy', '', 'Анализ и рейтинг проектов, банков, платежных систем. ', '', '', '', '', '', 0, 3, 1),
(15, 13, 1, 1, 'Возврат интернет платежей', '/pages/vozvrat-internet-platezhey', '', '', '', '', '', '', '', 0, 20, 1),
(16, 13, 1, 1, 'Cудебный иск к платежным системам', '/pages/cudebnyy-isk-k-platezhnym-sistemam', '', '', '', '', '', '', '', 0, 21, 1),
(17, 13, 1, 1, 'Защита проекта от интернет мошенничества', '/pages/zashchita-proekta-ot-internet-moshennichestva', '', '', '', '', '', '', '', 0, 22, 1),
(18, 13, 1, 1, 'Подключение и оптимизация приема палатежей', '/pages/podklyuchenie-i-optimizaciya-priema-palatezhey', '', '', '', '', '', '', '', 0, 23, 1),
(20, 0, 1, 1, 'Команда', '/pages/nasha-komanda', '', 'Команда Finprotected', '', '', '', '', '', 0, 9, 1),
(21, 13, 1, 1, 'Мы предлагаем', '/pages/nashi-uslugi', '', '', '', '', '', '', '', 0, 16, 1),
(24, 13, 1, 1, 'Открытие юр. лиц резидентов и не резидентов', '/pages/otkrytie-yur-lic-rezidentov-i-ne-rezidentov', '', '', '', '', '', '', '', 0, 25, 1),
(25, 13, 1, 1, 'Юридические услуги (представительства в судах, консультации и др.).', '/pages/yuridicheskie-uslugi-predstavitelstva-v-sudah-konsultacii-i-dr', '', '', '', '', '', '', '', 0, 26, 1),
(26, 14, 1, 1, 'Виды мошенничества', 'http://finprotected.com/pages/zaglushka-2', '', '', '', '', '', '', '', 0, 27, 1),
(27, 14, 1, 1, 'Рейтинги доверия ', 'http://finprotected.com/pages/zaglushka-2', '', '', '', '', '', '', '', 0, 28, 1),
(28, 14, 1, 1, 'Аудит', '/', '', '', '', '', '', '', '', 0, 29, 1),
(29, 14, 1, 1, 'Черные списки', 'pages/zaglushka-2', '', '', '', '', '', '', '', 0, 30, 1),
(30, 14, 1, 1, 'Мы доверяем', 'pages/zaglushka-1', '', '', '', '', '', '', '', 0, 31, 1),
(31, 13, 1, 1, 'Лицензии, Разрешения, Сертификация.', '/pages/licenzii-razresheniya-sertifikaciya', '', '', '', '', '', '', '', 0, 32, 1),
(32, 13, 1, 1, 'Аудит проектов и рейтинг надежности', '/pages/audit-proektov-i-reyting-nadezhnosti', '', '', '', '', '', '', '', 0, 33, 1),
(33, 2, 1, 1, 'Проекты и Дела', '/blog/categories', '', '', '', '', '', '', '', 0, 34, 1),
(34, 2, 1, 1, 'Выполняемые работы и услуги', 'http://finprotected.com/blogs', '', '', '', '', '', '', '', 0, 35, 1),
(35, 35, 1, 1, 'ММСИС и милтрейд', '/pages/mmsis-i-miltreyd', '', '', '', '', '', '', '', 0, 36, 1),
(37, 28, 1, 1, 'Расследование МССИС и милтрейд', '/pages/rassledovanie-mssis-i-miltreyd', '', '', '', '', '', '', '', 0, 38, 1),
(38, 28, 1, 1, 'Vkupon.ru аудит', '/pages/vkuponru-audit', '', '', '', '', '', '', '', 0, 39, 1);

-- --------------------------------------------------------

--
-- Структура таблицы `yupe_migrations`
--

CREATE TABLE IF NOT EXISTS `yupe_migrations` (
  `id` int(11) NOT NULL AUTO_INCREMENT,
  `module` varchar(255) NOT NULL,
  `version` varchar(255) NOT NULL,
  `apply_time` int(11) DEFAULT NULL,
  PRIMARY KEY (`id`),
  KEY `idx_migrations_module` (`module`)
) ENGINE=InnoDB  DEFAULT CHARSET=utf8 AUTO_INCREMENT=93 ;

--
-- Дамп данных таблицы `yupe_migrations`
--

INSERT INTO `yupe_migrations` (`id`, `module`, `version`, `apply_time`) VALUES
(1, 'user', 'm000000_000000_user_base', 1435683832),
(2, 'user', 'm131019_212911_user_tokens', 1435683832),
(3, 'user', 'm131025_152911_clean_user_table', 1435683832),
(4, 'user', 'm131026_002234_prepare_hash_user_password', 1435683832),
(5, 'user', 'm131106_111552_user_restore_fields', 1435683832),
(6, 'user', 'm131121_190850_modify_tokes_table', 1435683832),
(7, 'user', 'm140812_100348_add_expire_to_token_table', 1435683832),
(8, 'user', 'm150416_113652_rename_fields', 1435683832),
(9, 'yupe', 'm000000_000000_yupe_base', 1435683833),
(10, 'yupe', 'm130527_154455_yupe_change_unique_index', 1435683833),
(11, 'yupe', 'm150416_125517_rename_fields', 1435683833),
(12, 'category', 'm000000_000000_category_base', 1435683833),
(13, 'category', 'm150415_150436_rename_fields', 1435683833),
(14, 'image', 'm000000_000000_image_base', 1435683834),
(15, 'image', 'm150226_121100_image_order', 1435683834),
(16, 'image', 'm150416_080008_rename_fields', 1435683834),
(17, 'comment', 'm000000_000000_comment_base', 1435683834),
(18, 'comment', 'm130704_095200_comment_nestedsets', 1435683834),
(19, 'comment', 'm150415_151804_rename_fields', 1435683834),
(20, 'store', 'm140812_160000_store_attribute_group_base', 1435683834),
(21, 'store', 'm140812_170000_store_attribute_base', 1435683834),
(22, 'store', 'm140812_180000_store_attribute_option_base', 1435683835),
(23, 'store', 'm140813_200000_store_category_base', 1435683835),
(24, 'store', 'm140813_210000_store_type_base', 1435683835),
(25, 'store', 'm140813_220000_store_type_attribute_base', 1435683835),
(26, 'store', 'm140813_230000_store_producer_base', 1435683835),
(27, 'store', 'm140814_000000_store_product_base', 1435683835),
(28, 'store', 'm140814_000010_store_product_category_base', 1435683835),
(29, 'store', 'm140814_000013_store_product_attribute_eav_base', 1435683835),
(30, 'store', 'm140814_000018_store_product_image_base', 1435683835),
(31, 'store', 'm140814_000020_store_product_variant_base', 1435683836),
(32, 'store', 'm141014_210000_store_product_category_column', 1435683836),
(33, 'store', 'm141015_170000_store_product_image_column', 1435683836),
(34, 'store', 'm141218_091834_default_null', 1435683836),
(35, 'store', 'm150210_063409_add_store_menu_item', 1435683836),
(36, 'store', 'm150210_105811_add_price_column', 1435683836),
(37, 'store', 'm150210_131238_order_category', 1435683836),
(38, 'store', 'm150211_105453_add_position_for_product_variant', 1435683836),
(39, 'store', 'm150226_065935_add_product_position', 1435683836),
(40, 'store', 'm150416_112008_rename_fields', 1435683836),
(41, 'store', 'm150417_180000_store_product_link_base', 1435683836),
(42, 'mail', 'm000000_000000_mail_base', 1435683837),
(43, 'payment', 'm140815_170000_store_payment_base', 1435683838),
(44, 'blog', 'm000000_000000_blog_base', 1435683839),
(45, 'blog', 'm130503_091124_BlogPostImage', 1435683839),
(46, 'blog', 'm130529_151602_add_post_category', 1435683839),
(47, 'blog', 'm140226_052326_add_community_fields', 1435683839),
(48, 'blog', 'm140714_110238_blog_post_quote_type', 1435683839),
(49, 'blog', 'm150406_094809_blog_post_quote_type', 1435683839),
(50, 'blog', 'm150414_180119_rename_date_fields', 1435683839),
(51, 'delivery', 'm140815_190000_store_delivery_base', 1435683840),
(52, 'delivery', 'm140815_200000_store_delivery_payment_base', 1435683840),
(53, 'order', 'm140814_200000_store_order_base', 1435683840),
(54, 'order', 'm150324_105949_order_status_table', 1435683840),
(55, 'order', 'm150416_100212_rename_fields', 1435683840),
(56, 'order', 'm150514_065554_change_order_price', 1435683840),
(57, 'page', 'm000000_000000_page_base', 1435683841),
(58, 'page', 'm130115_155600_columns_rename', 1435683841),
(59, 'page', 'm140115_083618_add_layout', 1435683841),
(60, 'page', 'm140620_072543_add_view', 1435683841),
(61, 'page', 'm150312_151049_change_body_type', 1435683841),
(62, 'page', 'm150416_101038_rename_fields', 1435683841),
(63, 'contentblock', 'm000000_000000_contentblock_base', 1435683842),
(64, 'contentblock', 'm140715_130737_add_category_id', 1435683842),
(65, 'contentblock', 'm150127_130425_add_status_column', 1435683842),
(66, 'rbac', 'm140115_131455_auth_item', 1435683843),
(67, 'rbac', 'm140115_132045_auth_item_child', 1435683843),
(68, 'rbac', 'm140115_132319_auth_item_assign', 1435683843),
(69, 'rbac', 'm140702_230000_initial_role_data', 1435683843),
(70, 'yandexmarket', 'm141110_090000_yandex_market_export_base', 1435683844),
(71, 'sitemap', 'm141004_130000_sitemap_page', 1435683844),
(72, 'sitemap', 'm141004_140000_sitemap_page_data', 1435683844),
(73, 'news', 'm000000_000000_news_base', 1435683844),
(74, 'news', 'm150416_081251_rename_fields', 1435683845),
(75, 'social', 'm000000_000000_social_profile', 1435683845),
(76, 'coupon', 'm140816_200000_store_coupon_base', 1435683845),
(77, 'coupon', 'm150414_124659_add_order_coupon_table', 1435683845),
(78, 'coupon', 'm150415_153218_rename_fields', 1435683845),
(79, 'menu', 'm000000_000000_menu_base', 1435683846),
(80, 'menu', 'm121220_001126_menu_test_data', 1435683846),
(81, 'gallery', 'm000000_000000_gallery_base', 1435683847),
(82, 'gallery', 'm130427_120500_gallery_creation_user', 1435683847),
(83, 'gallery', 'm150416_074146_rename_fields', 1435683847),
(84, 'catalog', 'm000000_000000_good_base', 1435683847),
(85, 'catalog', 'm150415_121606_rename_fields', 1435683847),
(86, 'notify', 'm141031_091039_add_notify_table', 1435683848),
(87, 'queue', 'm000000_000000_queue_base', 1435683848),
(88, 'queue', 'm131007_031000_queue_fix_index', 1435683848),
(89, 'dictionary', 'm000000_000000_dictionary_base', 1435683849),
(90, 'dictionary', 'm150415_183050_rename_fields', 1435683849),
(91, 'feedback', 'm000000_000000_feedback_base', 1435683850),
(92, 'feedback', 'm150415_184108_rename_fields', 1435683850);

-- --------------------------------------------------------

--
-- Структура таблицы `yupe_news_news`
--

CREATE TABLE IF NOT EXISTS `yupe_news_news` (
  `id` int(11) NOT NULL AUTO_INCREMENT,
  `category_id` int(11) DEFAULT NULL,
  `lang` char(2) DEFAULT NULL,
  `create_time` datetime NOT NULL,
  `update_time` datetime NOT NULL,
  `date` date NOT NULL,
  `title` varchar(250) NOT NULL,
  `slug` varchar(150) NOT NULL,
  `short_text` text,
  `full_text` text NOT NULL,
  `image` varchar(300) DEFAULT NULL,
  `link` varchar(300) DEFAULT NULL,
  `user_id` int(11) DEFAULT NULL,
  `status` int(11) NOT NULL DEFAULT '0',
  `is_protected` tinyint(1) NOT NULL DEFAULT '0',
  `keywords` varchar(250) NOT NULL,
  `description` varchar(250) NOT NULL,
  PRIMARY KEY (`id`),
  UNIQUE KEY `ux_yupe_news_news_alias_lang` (`slug`,`lang`),
  KEY `ix_yupe_news_news_status` (`status`),
  KEY `ix_yupe_news_news_user_id` (`user_id`),
  KEY `ix_yupe_news_news_category_id` (`category_id`),
  KEY `ix_yupe_news_news_date` (`date`)
) ENGINE=InnoDB  DEFAULT CHARSET=utf8 AUTO_INCREMENT=14 ;

--
-- Дамп данных таблицы `yupe_news_news`
--

INSERT INTO `yupe_news_news` (`id`, `category_id`, `lang`, `create_time`, `update_time`, `date`, `title`, `slug`, `short_text`, `full_text`, `image`, `link`, `user_id`, `status`, `is_protected`, `keywords`, `description`) VALUES
(2, 9, 'ru', '2015-07-10 21:47:23', '2015-10-15 13:45:56', '2015-07-06', 'Переезд сайта завершен.', 'pereezd-sayta-zavershen', '<p>Уважаемые посетили, мы завершили переезд сайта доменного имени  <a href="http://finprotected.ru/">finprotected.ru</a><span class="redactor-invisible-space"> на доменное имя <a href="http://finprotected.com/">finprotected.com</a>. В новой версии сайта, вы сможете узнать о текущей работе компании, о новостях в сфере платежных систем и интернет коммерции, оставить заявку на   участие в интересующем вас проекте или присоединиться к судебному иску.</span></p>', '<p>Уважаемые посетили, мы завершили переезд сайта доменного имени  <a href="http://finprotected.ru/">finprotected.ru</a><span class="redactor-invisible-space"> на доменное имя <a href="http://finprotected.com/">finprotected.com</a>. В новой версии сайта, вы сможете узнать о текущей работе компании, о новостях в сфере платежных систем и интернет коммерции, оставить заявку на   участие в интересующем вас проекте или присоединиться к судебному иску.</span>\r\n</p><p>В ближайшее время будут доступны множества полезных сервисов: Рейтинг надежности форексов и других финансовых компаний, проверка надежности интернет проектов по заявке, черный список подозреваемых в мошенничестве организаций, список проверенных  интернет компаний, сведения о нарушениях банков и платежных систем, рейтинг качества обслуживания банками.\r\n</p><p>Надеемся снова увидеть вас у нас на сайте.\r\n</p><p>С уважением, команда Finprotected.\r\n</p>', '117a6e6fae4d0d59d9b3f5c6766e5283.jpg', '', 1, 1, 0, '', ''),
(3, 2, 'ru', '2015-07-11 00:28:43', '2015-10-15 13:42:14', '2015-07-11', '​​Иск против Деньги Onlin​e', 'isk-protiv-dengi-onlin-e', '<p>Уважаемые посетители сайта, сообщаем Вам о начале набора группы "Иск против Деньги Online".Если вы оплачивали через Деньги Online в пользу компаний "Игл кросс" и "Гранд перфом" после 2013 года и являетесь потерпевшими клиентами Mmcis и Mill trade, вы можете присоединиться к коллективному иску.</p>', '<p>Уважаемые посетители сайта, сообщаем Вам о начале набора\r\nгруппы "Иск против Деньги Online".\r\n	<span class="redactor-invisible-space" style="line-height: 1.6em; background-color: initial;"></span>\r\n</p><p>Если вы оплачивали через  Деньги Online в пользу компаний "Игл кросс" и "Гранд перфом" после 2013 года и являетесь потерпевшими клиентами ММСИС и Мил трейд, вы можете присоединиться к коллективному иску.<br></p><p>Стоимость около 6000 рублей.</p><p>Основание подачи иска: получатель денежных средств является компанией ООО "КФЦ Эквайринг", являющейся поставщиком услуг в цепочке агентских продаж. Компания не оказала услуги.</p><p><span class="redactor-invisible-space">Для вступления в группу следует отправить запрос в группу "Вконтакте" или написать письмо на ceo@finprotected.ru</span>\r\n</p><p><a href="http://vk.com/club97635496">http://vk.com/club97635496</a></p>', 'f986c423001ef3f244074195dab8b4f1.jpg', '', 1, 1, 0, '', ''),
(4, 2, 'ru', '2015-07-11 00:29:23', '2015-10-15 13:43:05', '2015-07-11', 'Иск против РБК money', 'isk-protiv-rbk-money', '<p>Уважаемые посетители сайта, сообщаем вам о начале набора группы «Иск против РБК money». Если вы оплачивали через РБК money<span class="redactor-invisible-space" style="line-height: 1.6em; background-color: initial;"> в пользу компаний ММСИС и Мил Трейд после 2013 года и являетесь потерпевшими, вы можете присоединиться к коллективному иску.</span></p>', '<p>Уважаемые посетители сайта, сообщаем вам о начале набора\r\nгруппы «Иск против РБК money». </p><p>Если вы оплачивали через РБК money в пользу компаний ММСИС и Мил Трейд после 2013 года и являетесь потерпевшими, вы можете присоединиться к коллективному иску.</p><p>Количество участников от 20 до 50. Стоимость не более 12850 рублей.</p><p>Юридическое основание подачи иска: признание сделки ничтожной в следствии нарушения ФЗ 161, ФЗ 103, ФЗ 105.</p>  <p><span class="redactor-invisible-space">Для вступления в группу следует отправить запрос в группу "Вконтакте" или написать письмо на ceo@finprotected.ru<br></span></p>  <p><a href="http://vk.com/club97602818">http://vk.com/club97602818</a> </p>', '05644509157cb5bc520e6afd9aac3b94.jpg', '', 1, 1, 0, '', ''),
(5, NULL, 'ru', '2015-07-15 15:09:04', '2015-07-15 15:27:49', '2015-07-16', 'Re', 're', '<p>ntcn</p>', '<p>ntcn</p>', '943cace166a1307e1d36568650f9b76e.jpg', '', 1, 0, 0, '', ''),
(6, 10, 'ru', '2015-07-16 21:34:17', '2015-07-16 23:34:04', '2015-07-17', 'СМС: Ваша карта заблокирована! Срочно,свяжитесь...', 'sms-vasha-karta-zablokirovana-srochnosvyazhites', '<p>Активизировались мошенники ворующие данные банковских карт через рассылку СМС. За последнее время большое число людей получили предупреждающее послание о блокировке или об аннулировании карты.   На телефон приходит сообщение со следующим содержанием: «Ваша карта заблокирована ! Срочно,свяжитесь...»</p><p><span class="redactor-invisible-space"><span class="redactor-invisible-space"><span class="redactor-invisible-space"><span class="redactor-invisible-space"></span></span></span></span></p>', '<p>Активизировались мошенники ворующие данные банковских карт через рассылку СМС. За последнее время большое число людей получили предупреждающее послание о блокировке или об аннулировании карты.   На телефон приходит сообщение со следующим содержанием:</p><p>«Ваша карта заблокирована ! Срочно,свяжитесь...<span class="redactor-invisible-space">» <span class="redactor-invisible-space">и указаны различные номера, чаще всего это номер с бесплатными звонками из России 8-800-555-53-07<span class="redactor-invisible-space">, иногда в приписке пишут " ЦБ РФ" . Жертва совершает звонок, жулики представляясь сотрудниками банка выведывают данные карты и позже опустошают счета.</span></span></span><br></p><p><span class="redactor-invisible-space"><span class="redactor-invisible-space"><span class="redactor-invisible-space">Мошенники присылают сообщение с различных номеров от +79083919534<span class="redactor-invisible-space">  из РФ до неизвестного +441066760491<span class="redactor-invisible-space">, с последнего также приходят вредоносные ссылки. Номера, с которых шлют мошенники информацию, можно посмотреть в нашем черном списке номеров телефонов в разделе "<a href="http://finprotected.com/pages/reytingi-i-analizy">Рейтинги и аудит</a>", так же в этом разделе можно познакомиться с типовыми СМС от мошенников.</span></span></span></span></span></p>', '0e89603c8e27db28942731cdb5d3b019.jpg', '', 1, 1, 0, '', ''),
(7, 9, 'ru', '2015-08-05 16:23:13', '2015-10-15 13:38:02', '2015-08-05', 'Finprotected переехал в новый офис.', 'finprotected-pereehal-v-novyy-ofis', '<p>Мы переехали в новый офис, расположенный по адресу Санкт-Петербург, улица Бакунина Б5, Бизнес центр «Б5». Теперь мы находимся в центре Санкт-Петербурга. Ближайшие станции метро: «Площадь Восстания» и «Площадь Александра Невского». Мы будем рады видеть гостей, клиентов и партнеров в нашем новом офисе.</p>', '<p>Мы переехали в новый офис, расположенный по адресу Санкт-Петербург, улица Бакунина Б5, Бизнес центр «Б5». Теперь мы находимся в центре Санкт-Петербурга. Ближайшие станции метро (не более десяти минут ходьбы): «Площадь Восстания» и «Площадь Александра Невского». </p><p>Рядом со зданием Бизнес-центра проходят следующие маршруты общественного транспорта:<br></p><ul><li>маршрутные такси № к-209, к-187, к-185 и др.</li><li>автобусные маршруты № 27, 46, 187</li><li>троллейбусные маршруты № 1, 10, 22</li></ul><p>Адрес для корреспонденции остается без изменений: Санкт-Петербург, 195265 а/я 62 Брачеву М.Ю.</p><p>Мы будем рады видеть гостей, клиентов и партнеров в нашем новом офисе. <br></p><p><br></p>', '4ae974976a475e506e1dcb8c8652ac21.jpg', '', 4, 1, 0, '', ''),
(8, 10, 'ru', '2015-08-14 19:50:59', '2015-10-15 13:37:02', '2015-08-14', 'Мошенничество с банковскими картами', 'moshennichestvo-s-bankovskimi-kartami', '<p>В Европе возросло количество мошеннических операций с банковскими картами. Об этом сообщают специалисты Европейских служб безопасности банков. В результате проверки специалисты выявили, что на более чем  7,5 млн. активных банковских  карт в Германии, потери от мошенничества за прошлый год увеличились на 17%.</p>', '<p>В Европе  возросло количество мошеннических операций  с   банковскими картами. Об этом сообщают специалисты Европейских служб безопасности банков.\r\n		</p><p>В результате проверки специалисты выявили, что на более чем 7,5 млн   активных банковских карт  имитированных в Германии,  потери в денежном выражении  в результате мошенничества за прошлый год  увеличились на 17%.<br>\r\n		</p><p>Следует отметить, что по мимо   увеличения мошенничества с картами, параллельно увеличиваются и объем платежей с банковских    карт. Однако динамика роста не симметрична: если рост операций покупок увеличился лишь на 8%, то число   мошеннических операций увеличилось на 30%.\r\n		</p><p>И следование показало,  что основная масса  мошеннических покупок  происходит при операциях, где физически карты не присутствуют, а используются только реквизиты банковской карты при оформлении сделки в интернет магазинах.\r\n		</p><p>Большинство  пластиковых  карт, выпущенных банками в последнее   время имеют более совершенную защиту со встроенными чипами, поэтому мошеннические действия, где   карта физически предоставляется, составляют лишь 10% от общего количества преступлений.\r\n		</p><p>.\r\n		</p>', '9585852f7479cb2c410d463e901141d6.jpg', '', 4, 1, 0, '', ''),
(9, 10, 'ru', '2015-10-16 23:09:19', '2015-10-19 12:19:51', '2015-10-17', 'Салон связи Связной. Ограничения приема средств.', 'salon-svyazi-svyaznoy-ogranicheniya-priema-sredstv', '<p style="text-align: justify;"><span style="font-size: 14px;">В компанию Finprotected начали поступать сообщения о том, что терминалы оплаты услуг установленные в салонах сотовой связи Связной не принимают купюры достоинством в 5 тыс руб. Получив эту информацию сотрудники Finprotected отправились в один из салонов связи компании с целью проверки. </span><span style="font-size: 16px;"></span></p>', '<p><span style="font-size: 16px;">В компанию Finprotected начали поступать сообщения о том, что терминалы оплаты услуг установленные в салонах сотовой связи Связной не принимают купюры достоинством в 5 тыс руб. Получив эту информацию сотрудники Finprotected отправились в один из салонов связи компании с целью проверки. В течение 5 минут были проведены попытки внесения разных купюр достоинством в 5 тыс. руб. в терминал в пользу пополнения банковской карты, однако эти попытки не увенчались успехом. Не одна из купюр не была принята терминалом. Для проверки работоспособности терминала на этот же счет, в пользу которого были попытки оплаты, была внесена купюра номиналом в 1 тыс. руб., которая была успешно зачислена на счет.</span></p>  <p style="text-align: justify;"><span style="font-size: 16px;">Согласно не подтвержденной информации в последние время участились факты подделки банкнот номиналом в 5 тыс. руб. С целью избегания возможных убытков от действий фальшивомонетчиков в терминалах Связной был установлен ограничитель на прием банкнот данным достоинством. Отсутствие информации об ограничении приема банкнот в 5 тыс. руб. вероятно объясняется тем, что применяя это ограничение  Связной, нарушает Законодательство РФ или правила ЦБ РФ.</span></p>', '9683dbeedaa0f09d46c1d3c7978504a2.jpg', '', 4, 1, 0, '', ''),
(10, 10, 'ru', '2015-10-16 23:20:29', '2015-10-19 12:20:48', '2015-10-17', 'Попытка мошенничества с карты ВТБ24', 'popytka-moshennichestva-s-karty-vtb24', '<p><span style="font-size: 14px;">Неделю назад сотруднику Finprotectedпоступил звонок  с городского номера Москвы. Подняв трубку на том конце провода, представились, что звонят с банка ВТБ24, клиентом которого является сотрудник. Оператор банка уточнил у меня совершал ли я операцию на сумму 2500 тыс евро 15 дней назад. На вопрос сотрудник Finprotected, почему звонят с таким вопросом не 15 дней назад, а сейчас оператор банка сказала </span></p>', '<p>Неделю назад сотруднику Finprotected поступил звонок  с городского номера Москвы. Подняв трубку на том конце провода, представились, что звонят с банка ВТБ24, клиентом которого является сотрудник. Оператор банка уточнил у меня совершал ли я операцию на сумму 2500 тыс евро 15 дней назад. На вопрос сотрудник Finprotected,  почему звонят с таким вопросом не 15 дней назад, а сейчас оператор банка сказала, что ранее звонили, однако трубку не взяли, хотя пропущенных звонков с Московского городского номера не было. После того, как специалист банка выяснила, что операция  не совершалась, и это была попытка мошенничества с карты, путем оплаты через интернет ее заблокировали. Примечателен тот факт, что в день оплаты на счету не было данной суммы, но если бы она была в течении 15 дней, то данная кража с банковской карты могла осуществиться. </p>  <p>В связи с этим, команда Finprotected рекомендует расплачиваться картой только в проверенных заведениях, дабы не стать потом жертвой мошенников.</p>', '962611034e9d94d7282801e3c1f00ac1.jpg', '', 4, 1, 0, '', ''),
(11, 10, 'ru', '2015-10-23 00:50:08', '2015-10-23 00:55:40', '2015-10-23', 'Мошенничество по средствам ММС', 'moshennichestvo-po-sredstvam-mms', '<p>Сегодня на мобильный телефон поступило сообщение с текстом: «Вам пришло MMC сообщение. Получить: <a href="http://www.mms-open.com/1322">www.mms-open.com/1322</a> отправитель Katya. По данной ссылке проходить не стали, а проверили ее в поисковом запросе Яндекса. Как выяснилось, пройдя по данной ссылке, списывается сумма в размере 300 руб. Ссылка является подпиской на услугу.В связи с этим Finprotected рекомендует не проходить по ссылкам от не знакомых людей во избежание непредвиденных расходов.</p>', '<p>Сегодня на мобильный телефон поступило сообщение с текстом: «Вам пришло MMC сообщение. Получить: <a href="http://www.mms-open.com/1322">www.mms-open.com/1322</a> отправитель Katya. По данной ссылке проходить не стали, а проверили ее в поисковом запросе Яндекса. Как выяснилось, пройдя по данной ссылке, списывается сумма в размере 300 руб. Ссылка является подпиской на услугу.</p>  <p>В связи с этим Finprotected рекомендует не проходить по ссылкам от не знакомых людей во избежание непредвиденных расходов.</p>', 'd4a8d59ecae3bce43dc9f49dbd0e9977.jpg', '', 4, 1, 0, '', ''),
(12, 10, 'ru', '2015-10-23 00:55:04', '2015-10-23 00:55:43', '2015-10-23', 'Платная подписка', 'platnaya-podpiska', '<p>В  Finprotected обратился клиент, у которого не правомерно начали списываться деньги со счета мобильного телефона.  С целью определения причины списаний и суммы списания, клиенту было рекомендовано запросить детализацию звонков. Проанализировав полученную информацию, было выявлено, что у клиента ежедневно списываются средства за платную подписку. Всего сумма списания составила 930 руб. После этого клиентом был совершен звонок своему оператору связи с просьбой отключить данную подписку и по возможности произвести возврат средств.</p>', '<p>В  Finprotected обратился клиент, у которого не правомерно начали списываться деньги со счета мобильного телефона.  С целью определения причины списаний и суммы списания, клиенту было рекомендовано запросить детализацию звонков. Проанализировав полученную информацию, было выявлено, что у клиента ежедневно списываются средства за платную подписку. Всего сумма списания составила 930 руб. После этого клиентом был совершен звонок своему оператору связи с просьбой отключить данную подписку и по возможности произвести возврат средств.</p>  <p>Стоит отметить, что мобильным оператором клиента является Мегафон. Спустя три дня заявка клиента была обработана и средства клиенту были возвращены. </p>  <p>Компания Finprotected рекомендует с случае появления сомнений относительно корректности списания средства с мобильного счета телефона запросить детализацию у своего оператора. В случае подтверждения списаний связаться с оператором связи и попросить отключить платный сервис. </p>  <p>Также Finprotected выделяет компанию Мегафон, как компанию, которая готова пожертвовать своим доходом взамен получения лояльности клиента.</p>', 'e82b66d0dcdcc8d87e2eb29f9bccb5d9.jpg', '', 4, 1, 0, '', ''),
(13, 18, 'ru', '2015-10-23 02:07:37', '2015-10-23 02:07:51', '2015-10-23', 'Master Card  PayPass и Visa payWave', 'master-card-paypass-i-visa-paywave', '<p style="text-align: justify;">В последнее время все больше банков вводят в обращения карты с технологией бесконтактной оплаты. Больше не надо проводить карту в терминале продавца или вставлять карту в терминал, в случае, если она чипованная. Достаточно поднести карту к устройству и оплата пройдет автоматически.Данные технологии оплаты предлагают платежные системы: Visa технология payWave и Master Card технология и PayPass.Данная технология оплаты имеет ряд преимуществ по сравнению с «традиционным» способом оплаты.</p>', '<p style="text-align: justify;">В последнее время все больше банков вводят в обращения карты с технологией бесконтактной оплаты. Больше не надо проводить карту в терминале продавца или вставлять карту в терминал, в случае, если она чипованная. Достаточно поднести карту к устройству и оплата пройдет автоматически.</p>  <p style="text-align: justify;">Данные технологии оплаты предлагают платежные системы: Visa технология payWave и Master Card технология и PayPass.</p>  <p style="text-align: justify;">Данная технология оплаты имеет ряд преимуществ по сравнению с «традиционным» способом оплаты. Так, не надо передавать карту кассиру, быстрота проведения операций, не требуется вводить ПИН-код при сумме покупки до 1000 руб.</p>  <p style="text-align: justify;">Так благодаря данной технологии стало возможным оплатить проезд в Петербургском метро, достаточно лишь приложить карту к устройству турникета и система пропустит пассажира списав средства с банковской карты. Возможно, данная услуга снизит поток очереди у турникетах в Петербургском метро в часы пик.</p>', '56add50aeea5467e8b5be74274e5a724.jpg', '', 4, 1, 0, '', '');

-- --------------------------------------------------------

--
-- Структура таблицы `yupe_notify_settings`
--

CREATE TABLE IF NOT EXISTS `yupe_notify_settings` (
  `id` int(11) NOT NULL AUTO_INCREMENT,
  `user_id` int(11) NOT NULL,
  `my_post` tinyint(1) NOT NULL DEFAULT '1',
  `my_comment` tinyint(1) NOT NULL DEFAULT '1',
  PRIMARY KEY (`id`),
  KEY `ix_yupe_notify_settings_user_id` (`user_id`)
) ENGINE=InnoDB DEFAULT CHARSET=utf8 AUTO_INCREMENT=1 ;

-- --------------------------------------------------------

--
-- Структура таблицы `yupe_page_page`
--

CREATE TABLE IF NOT EXISTS `yupe_page_page` (
  `id` int(11) NOT NULL AUTO_INCREMENT,
  `category_id` int(11) DEFAULT NULL,
  `lang` char(2) DEFAULT NULL,
  `parent_id` int(11) DEFAULT NULL,
  `create_time` datetime NOT NULL,
  `update_time` datetime NOT NULL,
  `user_id` int(11) DEFAULT NULL,
  `change_user_id` int(11) DEFAULT NULL,
  `title_short` varchar(150) NOT NULL,
  `title` varchar(250) NOT NULL,
  `slug` varchar(150) NOT NULL,
  `body` mediumtext NOT NULL,
  `keywords` varchar(250) NOT NULL,
  `description` varchar(250) NOT NULL,
  `status` int(11) NOT NULL,
  `is_protected` tinyint(1) NOT NULL DEFAULT '0',
  `order` int(11) NOT NULL DEFAULT '0',
  `layout` varchar(250) DEFAULT NULL,
  `view` varchar(250) DEFAULT NULL,
  PRIMARY KEY (`id`),
  UNIQUE KEY `ux_yupe_page_page_slug_lang` (`slug`,`lang`),
  KEY `ix_yupe_page_page_status` (`status`),
  KEY `ix_yupe_page_page_is_protected` (`is_protected`),
  KEY `ix_yupe_page_page_user_id` (`user_id`),
  KEY `ix_yupe_page_page_change_user_id` (`change_user_id`),
  KEY `ix_yupe_page_page_menu_order` (`order`),
  KEY `ix_yupe_page_page_category_id` (`category_id`)
) ENGINE=InnoDB  DEFAULT CHARSET=utf8 AUTO_INCREMENT=25 ;

--
-- Дамп данных таблицы `yupe_page_page`
--

INSERT INTO `yupe_page_page` (`id`, `category_id`, `lang`, `parent_id`, `create_time`, `update_time`, `user_id`, `change_user_id`, `title_short`, `title`, `slug`, `body`, `keywords`, `description`, `status`, `is_protected`, `order`, `layout`, `view`) VALUES
(1, NULL, 'ru', NULL, '2015-07-01 15:12:27', '2015-08-06 22:21:22', 1, 1, 'Услуги предлагаемые Finprotected', 'Наши услуги', 'nashi-uslugi', '<p><span style="font-size: 16px;"><span style="color: rgb(155, 107, 204);"><strong><br></strong></span></span>\r\n</p><p><strong></strong><span style="font-size: 16px;"><span style="color: rgb(155, 107, 204);"><strong> Finprotected  </strong></span>- мы работаем на рынке интернет платежей. Основной деятельностью является, защита плательщиков и интернет проектов от мошенников. Оказываем помощь в организации интернет бизнеса, содействуем в открытии юридических лиц резидентов и не резидентов, способствуем в получении лицензий, сертификатов и специальных разрешений, подключаем прием интернет-платежей и выплаты на электронные кошельки и банковские карты.</span>\r\n</p><p><img class="img-responsive full-width" src="http://finprotected.com/uploads/image/ddb8c7fe4654c22e1d2d205ff6b99155.jpg">\r\n</p><p><span style="font-size: 16px;"><strong><br></strong></span>\r\n</p><h2 class="title-v2">Наши специалисты помогут вам:</h2><ul class="list-unstyled">\r\n	<li><span style="font-size: 16px;"><i class="fa fa-check color-green"></i> Вернуть денежные средства в случае оплаты банковской картой, если товар не был получен, либо услуга не была оказана. И в других ситуациях.</span></li>\r\n	<li><span style="font-size: 16px;"><i class="fa fa-check color-green"></i> Организовать судебный иск к организациям, участвовавшим в  проведении платежа  (банки, электронные кошельки, агрегаторы) в случаях  нарушения участниками системы  Государственных законов или правил Международных платежных  систем.</span></li>\r\n	<li><span style="font-size: 16px;"><i class="fa fa-check color-green"></i> Разработать для Вашего интернет проекта безопасную модель работы с Платежными системами и обеспечить защиту от мошенничества со стороны пользователей.</span></li>\r\n	<li><span style="font-size: 16px;"><i class="fa fa-check color-green"></i> Разработать и оптимизировать юридическую модель проекта в работе  с Платежными системами,  снизить  расходы (в т.ч. налоги) с учетом юрисдикции приема платежей (Россия, страны СНГ, офшоры, Европа, Южная Америка, Центральная Америка).</span></li>\r\n	<li><span style="font-size: 16px;"><i class="fa fa-check color-green"></i> Открыть фирму в любой юрисдикции для интернет-проекта или для организации приема платежей.</span></li>\r\n	<li><span style="font-size: 16px;"><i class="fa fa-check color-green"></i> Помочь в получении лицензии и разрешений (казино, букмекерской конторы и прочей деятельности).</span></li>\r\n	<li><span style="font-size: 16px;"><i class="fa fa-check color-green"></i> Представлять интересы  проекта  в судах по искам связанных с деятельностью проекта в интернете и приемом платежей (представительства в судах, помощь в составе иска и т.д.).</span></li>\r\n	<li><span style="font-size: 16px;"><i class="fa fa-check color-green"></i> Консультации. Предоставляем консультации для плательщиков и интернет проектов по вопросам в сфере интернет платежей.</span></li>\r\n	<li><span style="font-size: 16px;"><i class="fa fa-check color-green"></i> Аудит партнеров и контрагентов. Выполняем анализ интернет-проектов на вероятность мошенничества (качество интернет защиты и организации работ). Выполняем проверку интернет-проектов  на наличие мошеннических схем при приеме платежей (форексы, казино, авиабилеты, товары из Китая).</span></li>\r\n	<li><span style="font-size: 16px;"><i class="fa fa-check color-green"></i> Оценка коэффициента надежности и   доверия к интернет-проекту. Публикуем рейтинги проектов  на основании проведенного аудита интернет-компаний.</span></li>\r\n</ul><br><ol>\r\n</ol>', 'Иск к банку, суд, возврат денег, чарджбэк, chargeback, открытие юр. лица, открытие компании, прием платежей, отмена платежа, фрод, защита от мошенников, интернет мошенничество, выплаты на кошельки, лицензия, казино, букмекеры, аудит сайта,', 'Услуги компании Финпротектед, защита и помощь от интернет мошенничества', 1, 0, 0, 'main', ''),
(2, NULL, 'ru', NULL, '2015-07-01 15:14:09', '2015-07-09 23:14:46', 1, 1, 'Рейтинги и анализ участников рынка электронных платежей', 'Рейтинги и анализы', 'reytingi-i-analizy', '<p>миша</p>', '', '', 1, 0, 0, '', ''),
(3, NULL, 'ru', 1, '2015-07-01 15:14:56', '2015-08-06 23:38:37', 1, 1, 'Возврат интернет платежей', 'Возврат интернет платежей', 'vozvrat-internet-platezhey', '<p><span style="font-size: 16px;">Возврат (chargeback) - процедура отмены платежа банковской картой проводимая в соответствии с правилами Международных Платежных Систем</span></p><div class="container content-sm">\r\n	<div class="headline-center margin-bottom-60">\r\n		<h2>Совершая покупки в интернете, есть  риск  натолкнуться на недобросовестного продавца или  мошенника.<br></h2>\r\n	</div>\r\n</div><div class="row">\r\n	<div class="col-md-6 md-margin-bottom-50">\r\n		<img class="img-responsive" src="http://finprotected.com/uploads/image/a10b5a14cf915db38b0b499f2f9ac2b1.jpg">\r\n	</div>\r\n	<div class="col-md-6">\r\n		<p><span style="font-size: 16px;">В таких ситуациях нередко возникают различные неприятности:<br>\r\n			</span>\r\n		</p>\r\n		<div class="row">\r\n			<ul class="col-xs-12 list-unstyled lists-v1">\r\n				<li><span style="font-size: 16px;"><i class="fa fa-angle-right"></i>интернет проект не предоставит  оплаченную услуги или товар</span></li>\r\n				<li><span style="font-size: 16px;"><i class="fa fa-angle-right"></i>вместо заказанной покупки  получить  не то, что вы ожидали</span></li>\r\n				<li><span style="font-size: 16px;"><i class="fa fa-angle-right"></i>в худшем случае можете раскрыть конфиденциальные данные вашей банковской карты мошенникам  и в один прекрасный день получить уведомление о списании с вашего карточного счета</span></li>\r\n			</ul>\r\n		</div>\r\n	</div>\r\n</div><!--/end row--><div class="container content-sm">\r\n	<div class="headline-center margin-bottom-60">\r\n		<h2>Ситуации, в которых мы можем Вам помочь:</h2>\r\n	</div>\r\n	<div class="row">\r\n		<div class="col-md-6 md-margin-bottom-50">\r\n			<img class="img-responsive" src="http://finprotected.com/uploads/image/6a731919bb5118853b7b41beca897726.jpg">\r\n		</div>\r\n		<div class="col-md-6">\r\n			<div class="row">\r\n				<ul class="col-xs-12 list-unstyled lists-v1">\r\n					<li><i class="fa fa-angle-right"></i><span style="font-size: 16px;">Оплаченный товар, не был вам доставлен.</span></li>\r\n					<li><span style="font-size: 16px;"><i class="fa fa-angle-right"></i>Вместо оплаченного товара, пришел другой товар.</span></li>\r\n					<li><span style="font-size: 16px;"><i class="fa fa-angle-right"></i>Если вы оплатили услугу, которая не была вам оказана.</span></li>\r\n					<li><span style="font-size: 16px;"><i class="fa fa-angle-right"></i>Если у вас с банковской карты списали деньги, за то, что вы не заказывали.</span></li>\r\n					<li><span style="font-size: 16px;"><i class="fa fa-angle-right"></i>Если вас подписали на автоматическое списание с банковской карты без вашего ведома.</span></li>\r\n					<li><span style="font-size: 16px;"><i class="fa fa-angle-right"></i>Если злоумышленники получив данные вашей карты израсходовали ваши деньги.</span></li>\r\n					<li><span style="font-size: 16px;"><i class="fa fa-angle-right"></i>Если заказанная на будущее услуга внезапно была отменена, а деньги не были возвращены.</span></li>\r\n					<li><span style="font-size: 16px;"><i class="fa fa-angle-right"></i>Если вы не совершали не каких действий, а деньги  с карты были списаны.</span></li>\r\n				</ul>\r\n			</div>\r\n		</div>\r\n	</div>\r\n	<!--/end row-->\r\n	<div class="container content-sm">\r\n		<div class="headline-center margin-bottom-60">\r\n			<h2>На счету нашей компании десятки успешных возвратов:\r\n			</h2>\r\n		</div>\r\n	</div>\r\n	<div class="row">\r\n		<div class="col-md-6 md-margin-bottom-50">\r\n			<img class="img-responsive" src="http://finprotected.com/uploads/image/c8ae08310f5832de2becbbcc5fa68174.jpg">\r\n		</div>\r\n		<div class="col-md-6">\r\n			<div class="row">\r\n				<ul class="col-xs-12 list-unstyled lists-v1">\r\n					<li><span style="font-size: 16px;"><span style="color: rgb(155, 107, 204);"><strong> 1 </strong></span>Интернет-проект Coingeneration. Причина возврата: не соответствие товара заявленному описанию.</span></li>\r\n					<li><span style="font-size: 16px;"><span style="color: rgb(155, 107, 204);"><strong> 2 </strong></span>Интернет-проект Daviat. Мошеннический проект. Продажа фиктивных авиа билетов.</span></li>\r\n					<li><span style="font-size: 16px;"><span style="color: rgb(155, 107, 204);"><strong> 3 </strong></span>Интернет-проект Anyreads. Продажа (битых) не работающих электронных книг.</span></li>\r\n					<li><span style="font-size: 16px;"><span style="color: rgb(155, 107, 204);"><strong> 4 </strong></span>Интернет-проект Gammamarket. После банкротства, возврат был инициирован на компанию посредника по продаже  услуг.</span></li>\r\n					<li><span style="font-size: 16px;"><span style="color: rgb(155, 107, 204);"><strong> 5 </strong></span>Интернет-проект MMCIS. финансовая пирамида под видом Форекс биржи.  Удалось вернуть несколько платежей. В данный момент возврат через судебные иски.</span></li>\r\n					<li><span style="font-size: 16px;"><span style="color: rgb(155, 107, 204);"><strong> 6 </strong></span>Интернет-проект Фактор веса. Не оказание услуги.</span></li>\r\n					<li><span style="font-size: 16px;"><span style="color: rgb(155, 107, 204);"><strong> 7 </strong></span>Интернет-проект Vkupone.ru Товар не был доставлен.</span></li>\r\n				</ul>\r\n			</div>\r\n		</div>\r\n	</div>\r\n	<!--/end row-->\r\n	<div class="container content-sm">\r\n		<div class="headline">\r\n			<h2>Предлагаемые услуги</h2>\r\n		</div>\r\n		<br><br>\r\n		<div class="headline-center margin-bottom-60">\r\n			<h2>1. Консультация по процедуре возврата</h2>\r\n		</div>\r\n		<p><span style="font-size: 16px;">Стоимость 1 тыс. руб. ($20). Вы получите разъяснения правил МПС по процедуре возврата. Узнаете, как подать заявление в банк на возврат. Получите информацию о порядке оповещения при проведении возврата (те в какие сроки банк обязан принять заявление, в какие сроки должен провести необходимые процедуры). Также любую другую информацию связанных с арбитражом и при арбитаражом проводимой МПС.\r\n			</span>\r\n		</p>\r\n		<p><span style="font-size: 16px;">Консультация проводится в течении 30 минут. Поэтому желательно отправить нам свои вопросы для ознакомления заранее письмом.</span>\r\n		</p>\r\n		<div class="container content-sm">\r\n			<div class="headline-center margin-bottom-60">\r\n				<h2>2. Полный комплекс услуг по возврату </h2>\r\n			</div>\r\n		</div>\r\n		<div class="row">\r\n			<div class="col-md-6 md-margin-bottom-50">\r\n				<img class="img-responsive" src="http://finprotected.com/uploads/image/85613d37bce888e66dbafdc2b8d5165f.jpg">\r\n			</div>\r\n			<div class="col-md-6">\r\n				<p><span style="font-size: 16px;">Можно заказать полный комплекс услуг по возврату в рамках которого:<br>\r\n					</span>\r\n				</p>\r\n				<div class="row">\r\n					<ul class="col-xs-12 list-unstyled lists-v1">\r\n						<li><span style="font-size: 16px;"><i class="fa fa-angle-right"></i>проведем анализ произведенной оплаты</span></li>\r\n						<li><span style="font-size: 16px;"><i class="fa fa-angle-right"></i>подготовим для Вас заявление в МПС</span></li>\r\n						<li><span style="font-size: 16px;"><i class="fa fa-angle-right"></i>разработаем корректную историю платежа соответствующую требование МПС</span></li>\r\n						<li><span style="font-size: 16px;"><i class="fa fa-angle-right"></i>случаях проблем с подачей будем содействовать в приеме заявления банком</span></li>\r\n						<li><span style="font-size: 16px;"><i class="fa fa-angle-right"></i>в течении всего процесса будем документально сопровождать процедуру</span></li>\r\n						<li><span style="font-size: 16px;"><i class="fa fa-angle-right"></i>подготовим  документов и доказательства в соответствии с правилами МПС для преарбитража и арбитража</span></li>\r\n					</ul>\r\n				</div>\r\n			</div>\r\n		</div>\r\n	</div>\r\n	<p><span style="font-size: 16px;">Стоимость данного комплекса услуг составляем 10% от суммы возврата, но не менее 1 тыс. руб. Вознаграждение оплачивается только после успешного возврата.</span>\r\n	</p>\r\n</div>', '', '', 1, 0, 0, '', ''),
(4, NULL, 'ru', 1, '2015-07-01 15:15:25', '2015-08-06 23:30:06', 1, 1, 'Cудебный иск к платежным системам', 'Cудебный иск к платежным системам', 'cudebnyy-isk-k-platezhnym-sistemam', '<p><br>\r\n</p>\r\n<p><span style="font-size: 16px;">К сожалению, очень часто участники платежных систем (банки, электронные кошельки, агрегаторы) пользуются не знанием законов людьми и пренебрегают своими обязанностями по защите клиентов от действий мошенников. По вине таких организаций потери несут обыкновенные покупатели. Организация судебного иска к участникам платежной системы, это действенный метод вернуть Ваши денежные средства.</span>\r\n</p>\r\n<div class="container content-sm">\r\n	<div class="headline-center margin-bottom-60">\r\n		<h2>Основные причины обращения в суд:</h2>\r\n	</div>\r\n</div>\r\n<div class="row">\r\n	<div class="col-md-6 md-margin-bottom-50">\r\n		<img class="img-responsive" src="http://finprotected.com/uploads/image/796cc5e795704ff274e02c5da8384b06.jpg">\r\n	</div>\r\n	<div class="col-md-6">\r\n		<div class="row">\r\n			<ul class="col-xs-12 list-unstyled lists-v1">\r\n				<li><i class="fa fa-angle-right"></i><span style="font-size: 16px;"> Отказ банка принять заявление на\r\nвозврат.\r\n				</span></li>\r\n				<li><i class="fa fa-angle-right"></i><span style="font-size: 16px;"> Получение отказа от банка по процедуре возврата платежа (chargeback).</span></li>\r\n				<li><i class="fa fa-angle-right"></i><span style="font-size: 16px;"> Оплата была произведена другим электронным платежным методом\r\n(электронный кошелек, банковский перевод, оплата с мобильного телефона).\r\n				</span></li>\r\n				<li><i class="fa fa-angle-right"></i><span style="font-size: 16px;"> При нарушении банками и/или платежными системами законодательства при\r\nпроведении платежа.\r\n				</span></li>\r\n				<li><i class="fa fa-angle-right"></i><span style="font-size: 16px;"> При отказе банком возместить украденные средства с банковской\r\nкарты.\r\n				</span></li>\r\n			</ul>\r\n		</div>\r\n	</div>\r\n</div>\r\n<div class="container content-sm">\r\n	<div class="headline-center margin-bottom-60">\r\n		<h2>Примеры:</h2>\r\n	</div>\r\n</div>\r\n<div class="row">\r\n	<div class="col-md-6 md-margin-bottom-50">\r\n		<img class="img-responsive" src="http://finprotected.com/uploads/image/71403b055f18a010e8c1a15a2797c897.jpg">\r\n	</div>\r\n	<div class="col-md-6">\r\n		<div class="row">\r\n			<ul class="col-xs-12 list-unstyled lists-v1">\r\n				<li><span style="font-size: 16px;"><span style="color: rgb(155, 107, 204);"><strong> 1 </strong></span>Судебный иск к ООО "Океан банк" в рамках Закона ФЗ\r\n161 и ФЗ 115 от потерпевших клиентов форекса MMSIS и Mill Trade.\r\n				</span></li>\r\n				<li><span style="font-size: 16px;"><span style="color: rgb(155, 107, 204);"><strong> 2 </strong></span>Судебный иск к ООО "КФЦ Эквайринг" в рамках не\r\nоказания услуг клиентам компании консалтинговых компаний Eagle-cross и Grand Perfom\r\n				</span></li>\r\n				<li><span style="font-size: 16px;"><span style="color: rgb(155, 107, 204);"><strong> 3 </strong></span>Судебный иск к банку Санкт-Петербург в рамках ЗОПП, не выполнения правил МПС в отношении заявления на возврат денег</span></li>\r\n				<li><span style="font-size: 16px;"><span style="color: rgb(155, 107, 204);"><strong> 4 </strong></span>Судебный иск к Альфа банку, отказ в возмещении денежных средств списанных с авторизацией злоумышленниками.</span></li>\r\n			</ul>\r\n		</div>\r\n	</div>\r\n</div>\r\n<div class="container content-sm">\r\n	<div class="headline-center margin-bottom-60">\r\n		<h2>Предлагаемые услуги:</h2>\r\n	</div>\r\n</div>\r\n<div class="row">\r\n	<div class="col-md-6 md-margin-bottom-50">\r\n		<img class="img-responsive" src="http://finprotected.com/uploads/image/bb81aa3cdc636add45c0c2e5c3223f4e.jpg">\r\n	</div>\r\n	<div class="col-md-6">\r\n		<div class="row">\r\n			<ul class="col-xs-12 list-unstyled lists-v1">\r\n				<li><i class="fa fa-angle-right"></i><span style="font-size: 16px;"> Подготовка индивидуального иска в суд общей юрисдикции с основанием иска, нарушение Закона "О защите прав потребителей". В этом случае стоимость иска будет составлять 12500руб и 100% потребительского штрафа в пользу Finprotected. Или 23000 руб. и 50% потребительского штрафа. В данном формате иска не требуется оплачивать Гос. пошлину.</span></li>\r\n				<li><i class="fa fa-angle-right"></i><span style="font-size: 16px;"> Подготовка иска группового или индивидуального в рамках Международного и  Российского законодательства, регламентирующую оплату платежей в интернете. В этом случае, стоимость иска определяется индивидуально. А в случае группового иска общая стоимость распределяется на каждого участника.</span></li>\r\n			</ul>\r\n		</div>\r\n	</div>\r\n</div>\r\n<div class="container content-sm">\r\n	<div class="headline-center margin-bottom-60">\r\n		<h2>В состав работы подготовки иска входит:</h2>\r\n	</div>\r\n</div>\r\n<div class="row">\r\n	<div class="col-md-6 md-margin-bottom-50">\r\n		<img class="img-responsive" src="http://finprotected.com/uploads/image/3d18b2b85c266d73aeeb291e87b41dff.jpg">\r\n	</div>\r\n	<div class="col-md-6">\r\n		<div class="row">\r\n			<ul class="col-xs-12 list-unstyled lists-v1">\r\n				<li><i class="fa fa-angle-right"></i><span style="font-size: 16px;"> Анализ и исследование обстоятельств нарушения Законодательства платежной системой в отношении потерпевшего.</span></li>\r\n				<li><i class="fa fa-angle-right"></i><span style="font-size: 16px;"> Подготовка и сбор сведений для представления доказательств в суде.</span></li>\r\n				<li><i class="fa fa-angle-right"></i><span style="font-size: 16px;"> Разработка стратегии судебного дела.</span></li>\r\n				<li><i class="fa fa-angle-right"></i><span style="font-size: 16px;"> Участие в до судебном регулировании возникшего прецедента.</span></li>\r\n				<li><i class="fa fa-angle-right"></i><span style="font-size: 16px;"> Составление иска и оформление доказательств для подачи в суд.</span></li>\r\n				<li><i class="fa fa-angle-right"></i><span style="font-size: 16px;"> Участие представителя Finprotected в суде в качестве защитника.</span></li>\r\n				<li><i class="fa fa-angle-right"></i><span style="font-size: 16px;"> Привлечение экспертов и экспертная оценка в суде.</span></li>\r\n			</ul>\r\n		</div>\r\n	</div>\r\n</div> \r\n<p></p>\r\n<p><span style="font-size: 16px;">Коллективные иски обладают преимуществом по сравнению с индивидуальным, кроме низкой стоимости такие иски обладают большим весом, приковывают внимание общественности и снижают вероятность предвзятого отношения судьи.</span>\r\n</p>', '', '', 1, 0, 0, '', ''),
(5, NULL, 'ru', 1, '2015-07-01 15:15:45', '2015-08-07 15:16:29', 1, 1, 'Защита проекта от интернет мошенничества', 'Защита проекта от интернет мошенничества', 'zashchita-proekta-ot-internet-moshennichestva', '<p><span style="font-size: 16px;"><br></span></p><p><span style="font-size: 16px;">Принимая электронные  денежные\r\nсредства, интернет проект рискует столкнуться с противоправными действиями покупателей.  Многие товары и услуги, реализуемые в интернет сети, имеют разную степень популярности у мошенников. Компания Finprotected разрабатывает и интегрирует дифференцированные методы защиты интернет проектов с учетом бизнес модели и ликвидности услуг и товаров для преступников.\r\n	</span>	<br>\r\n</p><div class="container content-sm">\r\n	<div class="headline-center margin-bottom-60">\r\n		<h2>Проекты с потенциально высоким риском:</h2>\r\n	</div>\r\n</div><div class="row">\r\n	<div class="col-md-6 md-margin-bottom-50">\r\n		<img class="img-responsive" src="http://finprotected.com/uploads/image/eff24d387f055f65500b8a6117ecd041.jpg">\r\n	</div>\r\n	<div class="col-md-6">\r\n		<div class="row">\r\n			<ul class="col-xs-12 list-unstyled lists-v1">\r\n				<li><span style="font-size: 16px;"><i class="fa fa-angle-right"></i>проекты принимающие деньги и производящие выплаты (форексы, казино, букмекеры)</span></li>\r\n				<li><span style="font-size: 16px;"><i class="fa fa-angle-right"></i>проекты продающие мелко габаритную электронику</span></li>\r\n				<li><span style="font-size: 16px;"><i class="fa fa-angle-right"></i>проекты продающие цифровую дистрибуцию</span></li>\r\n				<li><span style="font-size: 16px;"><i class="fa fa-angle-right"></i>онлайн услуги</span></li>\r\n				<li><span style="font-size: 16px;"><i class="fa fa-angle-right"></i>онлайн игры</span></li>\r\n			</ul>\r\n		</div>\r\n	</div>\r\n</div><!--/end row--><div class="container content-sm">\r\n	<div class="headline-center margin-bottom-60">\r\n		<h2>Примеры разработанных мероприятий для защиты проекта:</h2>\r\n	</div>\r\n</div><div class="row">\r\n	<div class="col-md-6 md-margin-bottom-50">\r\n		<img class="img-responsive" src="http://finprotected.com/uploads/image/c9b5a2d9b6020f57f64d02c9f49d3c29.jpg">\r\n	</div>\r\n	<div class="col-md-6">\r\n		<div class="row">\r\n			<ul class="col-xs-12 list-unstyled lists-v1">\r\n				<li><span style="font-size: 16px;"><span style="color: rgb(155, 107, 204);"><strong> 1 </strong></span>Разработана модель для форекс проекта, предотвращающая обналичивание денежных средств, краденых карт и электронных кошельков</span></li>\r\n				<li><span style="font-size: 16px;"><span style="color: rgb(155, 107, 204);"><strong> 2 </strong></span>Для проектов издателя игр (продажа цифрового контента), оптимизированы фрод фильтры, блокирующую массовую покупку с помощью краденых карт</span></li>\r\n				<li><span style="font-size: 16px;"><span style="color: rgb(155, 107, 204);"><strong> 3 </strong></span>Для проекта дистрибьютора мобильных телефонов произведен аудит и оптимизированы процессы логистики, препятствующие продажу товара приобретенных с помощью краденых карт</span></li>\r\n			</ul>\r\n		</div>\r\n	</div>\r\n</div><!--/end row--><div class="container content-sm"><div class="headline-center margin-bottom-60">\r\n		<h2>Проекты с потенциально высоким риском:</h2>\r\n	</div></div><div class="row">\r\n	<div class="col-md-6 md-margin-bottom-50">\r\n		<img class="img-responsive" src="http://finprotected.com/uploads/image/f0a400a46f010813256e59243adb3072.jpg">\r\n	</div>\r\n	<div class="col-md-6">\r\n		<div class="row">\r\n			<ul class="col-xs-12 list-unstyled lists-v1">\r\n				<li><span style="font-size: 16px;"><i class="fa fa-angle-right"></i>оценка бизнес модели, товаров, услуг</span></li>\r\n				<li><span style="font-size: 16px;"><i class="fa fa-angle-right"></i>аудит платежных систем интегрированных с проектом</span></li>\r\n				<li><span style="font-size: 16px;"><i class="fa fa-angle-right"></i>анализ систем фрод мониторинга и фрод фильтров</span></li>\r\n				<li><span style="font-size: 16px;"><i class="fa fa-angle-right"></i>разработка мероприятий по повышению фродоустойчивости проекта</span></li>\r\n				<li><span style="font-size: 16px;"><i class="fa fa-angle-right"></i>реализация разработанных мероприятий</span></li>\r\n			</ul>\r\n		</div>\r\n	</div>\r\n</div><!--/end row--><div class="container content-sm">\r\n	<div class="headline-center margin-bottom-60">\r\n		<h2> Предлагаем гибкие условия </h2>\r\n	</div>\r\n</div><div class="row">\r\n	<div class="col-md-6 md-margin-bottom-50">\r\n		<img class="img-responsive" src="http://finprotected.com/uploads/image/562c9c60619decc5ad305f4a7fd4749e.jpg">\r\n	</div>\r\n	<div class="col-md-6">\r\n		<div class="row">\r\n			<p><span style="font-size: 16px;">Стоимость работ определяется индивидуально и зависит от специфики интернет проекта.</span>\r\n			</p>\r\n			<p><span style="font-size: 16px;">Finprotected работает более 3-х лет на рынке интернет платежей и специализируется на защите проектов от фрода.</span><br>\r\n			</p>\r\n		</div>\r\n	</div>\r\n</div><!--/end row-->', '', '', 1, 0, 0, '', ''),
(6, NULL, 'ru', 1, '2015-07-01 20:46:21', '2015-08-07 17:40:21', 1, 1, 'Подключение и оптимизация приема палатежей', 'Подключение и оптимизация приема палатежей', 'podklyuchenie-i-optimizaciya-priema-palatezhey', '<p><br>\r\n</p><p><br>\r\n</p><p><span style="font-size: 16px;">Прием интернет платежей один из основных каналов продаж в современном интернет пространстве. Перед каждым проектом при подключение платежных систем, возникает ряд вопросов, качество решения которых определит успешность проекта.</span>\r\n</p><div class="container content-sm">\r\n	<div class="headline-center margin-bottom-60">\r\n		<h2>Поможем в решении вопросов:</h2>\r\n	</div>\r\n</div><div class="row">\r\n	<div class="col-md-6 md-margin-bottom-50">\r\n		<img class="img-responsive" src="http://finprotected.com/uploads/image/72c33ec3a6f13cd1001889836e1497ca.jpg">\r\n	</div>\r\n	<div class="col-md-6">\r\n		<div class="row">\r\n			<ul class="col-xs-12 list-unstyled lists-v1">\r\n				<li><span style="font-size: 16px;"><i class="fa fa-angle-right"></i>какие платежные методы подключать</span></li>\r\n				<li><span style="font-size: 16px;"><i class="fa fa-angle-right"></i>в какой юрисдикции выбрать компанию для подключения</span></li>\r\n				<li><span style="font-size: 16px;"><i class="fa fa-angle-right"></i>какие требования к сайту и документам предъявляют платежные системы</span></li>\r\n				<li><span style="font-size: 16px;"><i class="fa fa-angle-right"></i>какие законы и правила регулируют прием платежей</span></li>\r\n				<li><span style="font-size: 16px;"><i class="fa fa-angle-right"></i>как настроить баланс между защитой от мошенников и конверсией платежей</span></li>\r\n			</ul>\r\n		</div>\r\n	</div>\r\n</div><p><span style="font-size: 16px;"><br></span>\r\n</p><p><span style="font-size: 16px;">Даже уже работающие на прием денежных средств проекты, во многих случаях не используют возможности платежных систем на 100%.</span>\r\n</p><p><span style="font-size: 16px;">Кроме приема платежей, многие системы позволяют отправлять деньги в обратном направлении, что можно использовать для развития систем лояльности. </span>\r\n</p><div class="container content-sm">\r\n</div><div class="row">\r\n	<div class="col-md-6 md-margin-bottom-50">\r\n		<img class="img-responsive" src="http://finprotected.com/uploads/image/f6b89c32dedcb626017a7d06dea96b8c.jpg">\r\n	</div>\r\n	<div class="col-md-6">\r\n		<div class="row">\r\n			<ul class="col-xs-12 list-unstyled lists-v1">\r\n				<li><span style="font-size: 16px;"><i class="fa fa-angle-right"></i>Упрощенный платеж или рекуррентные платежи сократят время оформления оплаты и значительно повысят конверсию</span></li>\r\n				<li><span style="font-size: 16px;"><i class="fa fa-angle-right"></i>Брендирование страниц оплаты повысит доверие к проекту и так же повысит конверсию</span></li>\r\n				<li><span style="font-size: 16px;"><i class="fa fa-angle-right"></i>Правильные настройки фрод фильтров защитят проект от мошенников  без ущерба платежам</span></li>\r\n				<li><span style="font-size: 16px;"><i class="fa fa-angle-right"></i>Расширение регионов приема платежей позволит нарастить количество покупателей</span></li>\r\n			</ul>\r\n		</div>\r\n	</div>\r\n</div><p><br>\r\n</p><p><img src="">\r\n</p><p><br>\r\n</p><p style="margin-left: 20px;"><span style="font-size: 16px;">Подключаясь к платежным системам через нас вы без дополнительных затрат получите эффективное решение для вашей бизнес модели.  </span>\r\n</p><div class="container content-sm">\r\n	<div class="headline-center margin-bottom-60">\r\n		<h2>В состав услуги входят работы:</h2>\r\n	</div>\r\n</div><div class="row">\r\n	<div class="col-md-6 md-margin-bottom-50">\r\n		<img class="img-responsive" src="http://finprotected.com/uploads/image/13a4f3d1d431173db64f17b6b9aa7696.jpg">\r\n	</div>\r\n	<div class="col-md-6">\r\n		<div class="row">\r\n			<ul class="col-xs-12 list-unstyled lists-v1">\r\n				<li><span style="font-size: 16px;"><span style="color: rgb(155, 107, 204);"><strong> 1 </strong></span>Анализ деятельности Вашего проекта и  бизнес модели.</span></li>\r\n                                <li><span style="font-size: 16px;"><span style="color: rgb(155, 107, 204);"><strong> 2 </strong></span>Выбор юрисдикции наиболее  подходящую  Вашему  бизнесу и соответствующую требованиям платежных систем.</span></li>\r\n                                <li><span style="font-size: 16px;"><span style="color: rgb(155, 107, 204);"><strong> 3 </strong></span>Подготовка сайта под требования платежных сервисов.</span></li>\r\n                                <li><span style="font-size: 16px;"><span style="color: rgb(155, 107, 204);"><strong> 4 </strong></span> Выбор оптимальных платежных систем помощь в оформлении контракта.</span></li>\r\n                                <li><span style="font-size: 16px;"><span style="color: rgb(155, 107, 204);"><strong> 5 </strong></span>Помощь в интеграции платежных методов.</span></li>\r\n                                <li><span style="font-size: 16px;"><span style="color: rgb(155, 107, 204);"><strong> 6 </strong></span>Настройка совместно с платежной системой фрод фильтров, конверсии, брендирования.</span></li>\r\n                                <li><span style="font-size: 16px;"><span style="color: rgb(155, 107, 204);"><strong> 7 </strong></span>Подключение дополнительных опций: упрощенный платеж. рекурренты, выплаты на электронные кошельки.</span></li>\r\n\r\n				\r\n			</ul>\r\n		</div>\r\n	</div>\r\n</div><p style="margin-left: 20px;" rel="margin-left: 20px;"><span style="font-size: 16px;">Наша компания предлагает Вам опыт ведущих экспертов платежных систем абсолютно бесплатно. Консультации и подбор платежных систем, помощь в подключение бесплатны.  По желанию можно за оплату  заказать услуги наших программистов  для реализации протоколов платежных систем. Пользуюсь нашими услугами без каких либо затрат вы получите эффективный инструмент для продаж на вашем сайте.</span>\r\n</p>', '', '', 1, 0, 0, '', ''),
(7, NULL, 'ru', 1, '2015-07-02 21:42:20', '2015-08-07 20:52:42', 1, 1, 'Лицензии, Разрешения, Сертификация.', 'Лицензии, Разрешения, Сертификация.', 'licenzii-razresheniya-sertifikaciya', '<p><span style="font-size: 16px;">Многие виды деятельности в интернете взаимозависимости от юрисдикции  требуют  наличие лицензии либо специальных разрешений.</span>\r\n</p><div class="container content-sm">\r\n	<div class="row">\r\n		<div class="col-md-6 md-margin-bottom-20">\r\n			<img class="img-responsive" src="http://finprotected.com/uploads/image/d0137750398771fedac2237fdc8f5517.jpg">\r\n		</div>\r\n		<div class="col-md-6">\r\n			<div class="row">\r\n				<p><span style="font-size: 16px;">Перед проектом стоит выбор: или выбрать нужную юрисдикцию, где деятельность не подлежит  лицензированию, или  получить разрешающий документ. В основном, эти требования относятся\r\nк интернет проектами, занимающимися такими видами деятельности, как: финансовые компании, казино,\r\nбукмекерские конторы, видео чаты. Учитывая специфику бизнеса, компания Finprotected предоставляет  эффективное и не дорогое решение.\r\n					</span>\r\n				</p>\r\n			</div>\r\n		</div>\r\n	</div>\r\n	<div class="container content-sm">\r\n		<div class="headline-center margin-bottom-60">\r\n			<h2>Услуги предоставляемые Finprotected.</h2>\r\n		</div>\r\n	</div>\r\n	<div class="row">\r\n		<div class="col-md-6 md-margin-bottom-50">\r\n			<img class="img-responsive" src="http://finprotected.com/uploads/image/28695ddb19778cd18e4ce17cf8ec546d.jpg">\r\n		</div>\r\n		<div class="col-md-6">\r\n			<div class="row">\r\n				<ul class="col-xs-12 list-unstyled lists-v1">\r\n					<li><span style="font-size: 16px;"><i class="fa fa-angle-right"></i>Открытие организации в стране, с разрешенным\r\nвидом деятельности интернет проекта, без получения дополнительных разрешений.\r\n					</span></li>\r\n					<li><span style="font-size: 16px;"><i class="fa fa-angle-right"></i>Получении лицензии в стране регистрации организации.</span></li>\r\n					<li><span style="font-size: 16px;"><i class="fa fa-angle-right"></i>Открытие организации и получение лицензии, в\r\nюрисдикции, где это необходимо.\r\n					</span></li>\r\n					<li><span style="font-size: 16px;"><i class="fa fa-angle-right"></i>Получение разрушение на\r\nработу видео чата или эротического контента.\r\n					</span></li>\r\n					<li><span style="font-size: 16px;"><i class="fa fa-angle-right"></i>Получение лицензии и суб лицензии на работу\r\nказино.\r\n					</span></li>\r\n					<li><span style="font-size: 16px;"><i class="fa fa-angle-right"></i>Получение лицензии и суб лицензии на работу букмекерских\r\nконтор.\r\n					</span></li>\r\n				</ul>\r\n			</div>\r\n		</div>\r\n	</div>\r\n	<div class="container content-sm">\r\n		<div class="headline-center margin-bottom-60">\r\n			<h2>Fiprotected  подбирает лучшее решение исходя из возможностей проекта. Примеры выполненных проектов</h2>\r\n		</div>\r\n	</div>\r\n	<div class="row">\r\n		<div class="col-md-6 md-margin-bottom-50">\r\n			<img class="img-responsive" src="http://finprotected.com/uploads/image/852d84f19014c1077293de9d44c39cf6.jpg">\r\n		</div>\r\n		<div class="col-md-6">\r\n			<div class="row">\r\n				<ul class="col-xs-12 list-unstyled lists-v1">\r\n					<li><span style="font-size: 16px;"><i class="fa fa-angle-right"></i>Получение суб. лицензии для интернет покер-рума с юрисдикцией в Латвии, ген.лицензия Чехия.</span></li>\r\n					<li><span style="font-size: 16px;"><i class="fa fa-angle-right"></i>Получение суб лицензии для казино с юрисдикцией Кюрасао</span></li>\r\n					<li><span style="font-size: 16px;"><i class="fa fa-angle-right"></i>Получение разрешение Мин.культуры Республики Беларусь  на деятельность эротического чата</span></li>\r\n				</ul>\r\n			</div>\r\n		</div>\r\n	</div>\r\n\r\n\r\n<div class="container content-sm">\r\n	<div class="headline-center margin-bottom-60">\r\n		<h2>В состав работ входит:</h2>\r\n	</div>\r\n</div>\r\n<div class="row">\r\n	<div class="col-md-6 md-margin-bottom-50">\r\n		<img class="img-responsive" src="http://finprotected.com/uploads/image/3eb7904857a3192f02a300c3db145ed6.jpg">\r\n	</div>\r\n	<div class="col-md-6">\r\n	\r\n		<div class="row">\r\n			<ul class="col-xs-12 list-unstyled lists-v1">\r\n				<li><span style="font-size: 16px;"><i class="fa fa-angle-right"></i>Анализ бизнес модели  интернет-проекта.</span></li>\r\n				<li><span style="font-size: 16px;"><i class="fa fa-angle-right"></i>Поиск юрисдикции соответствующей условиям интернет проекта.</span></li>\r\n				<li><span style="font-size: 16px;"><i class="fa fa-angle-right"></i>Подготовка документов на открытие юр. лица.</span></li>\r\n                                <li><span style="font-size: 16px;"><i class="fa fa-angle-right"></i>Аренда офиса, регистрация фирмы, открытие банковского счета (Дополнительные услуги).</span></li>\r\n				<li><span style="font-size: 16px;"><i class="fa fa-angle-right"></i>Подготовка документов для получения лицензии, разрешения.</span></li>\r\n				<li><span style="font-size: 16px;"><i class="fa fa-angle-right"></i>Подготовка проекта на соответствие требованиям лицензирующего органа.</span></li>\r\n                                <li><span style="font-size: 16px;"><i class="fa fa-angle-right"></i>Подключение приема платежей.</span></li>\r\n				<li><span style="font-size: 16px;"><i class="fa fa-angle-right"></i>Консультируем по вопросам самостоятельного открытия юр. лица  и получения лицензии.</span></li>\r\n				\r\n			</ul>\r\n		</div>\r\n	</div>\r\n</div>\r\n\r\n	<p><span style="font-size: 16px;">Каждый проект самостоятельно решает для себя  работать ему законно или рискнуть. В некоторых случаях риски оправданы, но в большинстве ситуаций, получение всех необходимых разрешений  закладывает прочный фундамент в надежность  интернет проекта.<o:p></o:p></span></p></div>', '', '', 1, 0, 0, '', '');
INSERT INTO `yupe_page_page` (`id`, `category_id`, `lang`, `parent_id`, `create_time`, `update_time`, `user_id`, `change_user_id`, `title_short`, `title`, `slug`, `body`, `keywords`, `description`, `status`, `is_protected`, `order`, `layout`, `view`) VALUES
(8, NULL, 'ru', 1, '2015-07-02 22:32:05', '2015-10-15 14:11:43', 1, 4, 'Проверка интернет проекта на вероятность мошенничества', 'Аудит проектов и рейтинг надежности', 'audit-proektov-i-reyting-nadezhnosti', '<p><span style="font-size: 16px;"><br></span>\r\n</p><p><span style="font-size: 16px;">В последнее время в интернете  участились случаи незаконной деятельности со стороны мошенников  в отношении интернет проектов, так и непосредственно  проектов в отношении пользователей. Наши специалисты проводят комплексный  анализ проектов на: вероятность мошенничества персонала проекта, нарушения законов, уязвимость проекта от действия мошенников, противоправные действия самого проекта, а так же определяем риск возникновения санкций со стороны проверяющих органов.</span>\r\n</p><div class="container content-sm">\r\n	<div class="headline-center margin-bottom-60">\r\n		<h2>Воспользовавшись нашими услугами можно проверить:</h2>\r\n	</div>\r\n</div><div class="row">\r\n	<div class="col-md-6 md-margin-bottom-50">\r\n		<img class="img-responsive" src="http://finprotected.com/uploads/image/47116f7765c17d6a6d1aebbe65f9fb53.jpg">\r\n	</div>\r\n	<div class="col-md-6">\r\n		<div class="row">\r\n			<ul class="col-xs-12 list-unstyled lists-v1">\r\n				<li><span style="font-size: 16px;"><i class="fa fa-angle-right"></i>надежность собственного проекта</span></li>\r\n				<li><span style="font-size: 16px;"><i class="fa fa-angle-right"></i>надежность проекта партнеров и ваших контрагентов</span></li>\r\n				<li><span style="font-size: 16px;"><i class="fa fa-angle-right"></i>уровень доверия вашего проекта у пользователей</span></li>\r\n				<li><span style="font-size: 16px;"><i class="fa fa-angle-right"></i>риски связанные с действиями проверяющих органов</span></li>\r\n				<li><span style="font-size: 16px;"><i class="fa fa-angle-right"></i>сайт в котором вы собираетесь сделать покупку или заказать услугу</span></li>\r\n			</ul>\r\n		</div>\r\n	</div>\r\n</div><div class="container content-sm">\r\n	<div class="headline-center margin-bottom-60">\r\n		<h2>Выполняем заказы на внутренний  и внешний аудит.</h2>\r\n	</div>\r\n</div><div class="row">\r\n	<div class="col-md-6 md-margin-bottom-50">\r\n		<img class="img-responsive" src="http://finprotected.com/uploads/image/5f69ab8926fcd1a95f82ea05c171cac4.jpg">\r\n	</div>\r\n	<div class="col-md-6">\r\n		<div class="row">\r\n			<p><span style="font-size: 16px;">Внутренний заказывают непосредственно владельцы проекта заинтересованных в улучшении работы сервиса и снижения рисков.</span>\r\n			</p>\r\n			<p><span style="font-size: 16px;">Пример проекта. Выполнен аудит сервиса по продажи цифровой дистрибуции, выявлена уязвимость сайта от фродовых операций. Разработан алгоритм продажи товаров через ступенчатую систему доверия к покупателю. </span>\r\n			</p>\r\n			<p><span style="font-size: 16px;">Внешний аудит заказывают партнеры или клиенты интернет сайта.<br></span>\r\n			</p>\r\n			<p><span style="font-size: 16px;">К примеру, начиная работу с форексом и нужно удостовериться в его надежности. Проводится комплекс проверок: юрисдикция, бизнес модель, лицензии и метод приема и выплат платежей. Такая проверка  необходима при  крупных  инвестициях и значительно снизить риски.</span>\r\n			</p>\r\n			<p><span style="font-size: 16px;">Организации, подбирая интернет партнера, не застрахованы от риска потерь в случае неудачного выбора. Заключая контракт с ненадежным партнером,  в первую очередь снижается собственная надежность, и риски контрагента превращаются в риски компании.</span>\r\n			</p>\r\n		</div>\r\n	</div>\r\n</div><div class="container content-sm">\r\n	<div class="headline-center margin-bottom-60">\r\n		<h2>В состав работы входит:</h2>\r\n	</div>\r\n</div><div class="row">\r\n	<div class="col-md-6 md-margin-bottom-50">\r\n		<img class="img-responsive" src="http://finprotected.com/uploads/image/e2efc78188de298cec80544bcad4a512.jpg">\r\n	</div>\r\n	<div class="col-md-6">\r\n		<div class="row">\r\n			<ul class="col-xs-12 list-unstyled lists-v1">\r\n				<li><span style="font-size: 16px;"><span style="color: rgb(155, 107, 204);"><strong> 1 </strong></span>Первичный анализ проекта. Оценка сайта и модели работы</span></li>\r\n				<li><span style="font-size: 16px;"><span style="color: rgb(155, 107, 204);"><strong> 2 </strong></span>Изучение юр. модели организации </span></li>\r\n				<li><span style="font-size: 16px;"><span style="color: rgb(155, 107, 204);"><strong> 3 </strong></span>Проверка необходимости разрешений и их наличие</span></li>\r\n				<li><span style="font-size: 16px;"><span style="color: rgb(155, 107, 204);"><strong> 4 </strong></span>Анализ технологии  приема платежей.</span></li>\r\n				<li><span style="font-size: 16px;"><span style="color: rgb(155, 107, 204);"><strong> 5 </strong></span>Проведение тестовой закупки.</span></li>\r\n				<li><span style="font-size: 16px;"><span style="color: rgb(155, 107, 204);"><strong> 6 </strong></span> Проверка доверия к проекту</span></li>\r\n				<li><span style="font-size: 16px;"><span style="color: rgb(155, 107, 204);"><strong> 7 </strong></span>Определение рейтинга надежности</span></li>\r\n				<li><span style="font-size: 16px;"><span style="color: rgb(155, 107, 204);"><strong> 8 </strong></span>Обнародование результатов проверки</span></li>\r\n				<li><span style="font-size: 16px;"><span style="color: rgb(155, 107, 204);"><strong> 9 </strong></span>Разработка мероприятий для повышения надежности проекта и повышения доверия к нему (в случае заказа на внутренний аудит)</span></li>\r\n			</ul>\r\n		</div>\r\n	</div>\r\n</div><div class="container content-sm">\r\n	<div class="headline">\r\n		<h2>Дополнительно</h2>\r\n	</div>\r\n<p><span style="font-size: 16px;">Кроме заказных проверок, проводим собственное исследование интернет рынка, результаты которого отражаем в наших рейтингах.</span>\r\n</p>\r\n</div><div class="row">\r\n	<div class="col-md-6 md-margin-bottom-50">\r\n		<img class="img-responsive" src="http://finprotected.com/uploads/image/06a5b968cfc28490a3de117bce18d4a2.jpg">\r\n	</div>\r\n	<div class="col-md-6">\r\n		<div class="row">\r\n			<p><span style="font-size: 16px;">Наши сотрудники еженедельно проверяют  наиболее популярные интернет проекты, результаты проверок публикуем на нашем сайте в разделе "Рейтинги и Аудит". Анализ составляется на основании комплекса включающего: обращения клиентов интернет проекта,  тестовые платежи, проверки соблюдения правил и законов. Мы  не используем в анализе: статьи, форумы, сообщения с различных сомнительных источников, исключая влияние антипиара конкурентов, только реальные нарушения учитываются в исследовании.</span>\r\n			</p>\r\n		</div>\r\n	</div>\r\n</div><p><span style="font-size: 16px;"><br></span></p><p><span style="font-size: 16px;">Компания Finprotected</span><span style="font-size: 16px;">  оценивает  рейтинг доверия к интернет проекту,  помогает сделать его выше и предупреждает пользователей от рискованных сделок и покупок. </span><br>\r\n</p>', '', '', 1, 0, 0, '', ''),
(10, NULL, 'ru', 1, '2015-07-03 00:30:41', '2015-08-07 20:20:59', 1, 1, 'Юридические услуги (представительства в судах, консультации и др.).', 'Юридические услуги (представительства в судах, консультации и др.).', 'yuridicheskie-uslugi-predstavitelstva-v-sudah-konsultacii-i-dr', '<p><span style="font-size: 16px;"><br></span></p><p><span style="font-size: 16px;">В процессе деятельности большинство компаний работающих в интернете сталкиваются с необходимостью привлечения профессиональных юристов. Отсутствие юриста в штате или не достаточный уровень знаний, опыта заставляют компании искать помощь на стороне.</span><br>\r\n</p><div class="container content-sm">;\r\n	<div class="headline-center margin-bottom-60">\r\n		<h2>Finprotected специализируется на юридическом обслуживании интернет проектов:</h2>\r\n	</div>\r\n	<div class="row">\r\n		<div class="col-md-6 md-margin-bottom-50">\r\n			<img class="img-responsive" src="http://finprotected.com/uploads/image/66b1ce89bb800343ecbd5cdd79482cfa.jpg">\r\n		</div>\r\n		<div class="col-md-6">\r\n			<div class="row">\r\n				<ul class="col-xs-12 list-unstyled lists-v1">\r\n					<li><i class="fa fa-angle-right"></i><span style="font-size: 16px;">защита в суде, связанных с приемом платежей.</span></li>\r\n					<li><span style="font-size: 16px;"><i class="fa fa-angle-right"></i>иски по авторскому праву, как со стороны защиты, так со стороны обвинения.</span></li>\r\n					<li><span style="font-size: 16px;"><i class="fa fa-angle-right"></i>прочие иски</span></li>\r\n					<li><span style="font-size: 16px;"><i class="fa fa-angle-right"></i>юридические консультации по различным направлениям интернет бизнеса.</span></li>\r\n					<li><span style="font-size: 16px;"><i class="fa fa-angle-right"></i>ликвидация и продажа фирм.</span></li>\r\n					<li><span style="font-size: 16px;"><i class="fa fa-angle-right"></i>получение разрешений и лицензий.</span></li>\r\n					<li><span style="font-size: 16px;"><i class="fa fa-angle-right"></i>легализация бизнес модели.</span></li>\r\n				</ul>\r\n			</div>\r\n		</div>\r\n	</div>\r\n	<div class="container content-sm">;\r\n		<div class="headline-center margin-bottom-60">\r\n			<h2>Finprotected выполняет заказы любой сложности, примеры сложных:</h2>\r\n		</div>\r\n		<div class="row">\r\n			<div class="col-md-6 md-margin-bottom-50">\r\n				<img class="img-responsive" src="http://finprotected.com/uploads/image/0192f561f6a49528c3dd05e9e82226be.jpg">\r\n			</div>\r\n			<div class="col-md-6">\r\n				<div class="row">\r\n					<ul class="col-xs-12 list-unstyled lists-v1">\r\n						<li><i class="fa fa-angle-right"></i><span style="font-size: 16px;">защита хостинга обвиненного издательством в нарушении авторского права совместно с сайтом нарушителем разместившим материалы на серверах хостинга.</span></li>\r\n						<li><span style="font-size: 16px;"><i class="fa fa-angle-right"></i>помощь в получении разрешения Министерства культуры Республики Беларусь для эротического интернет портала.</span></li>\r\n						<li><span style="font-size: 16px;"><i class="fa fa-angle-right"></i>затягивания судебного дела предъявленного к контрагенту в целях продажи компании ответчика другим владельцам.</span></li>\r\n					</ul>\r\n				</div>\r\n			</div>\r\n		</div>\r\n		<div class="container content-sm">;\r\n			<div class="headline-center margin-bottom-60">\r\n				<h2> Наши знания и опыт - реальная помощь во многих ситуациях.</h2>\r\n			</div>\r\n			<div class="row">\r\n				<div class="col-md-6 md-margin-bottom-50">\r\n					<img class="img-responsive" src="http://finprotected.com/uploads/image/3f6cd329698eaa00f5ce96b1aadd40fe.jpg">\r\n				</div>\r\n				<div class="col-md-6">\r\n					<div class="row">\r\n						<p><span style="font-size: 16px;">В команду Finprotected входят опытные юристы, аналитики, руководители проектов с большим профессиональным опытом.</span>\r\n						</p>\r\n						<p><span style="font-size: 16px;">Состав выполняемых работ зависит от конкретного случая и индивидуальных особенностей модели бизнеса интернет-проекта. Стоимость услуг  определяется после детального изучения заказа.</span>\r\n						</p>\r\n					</div>\r\n				</div>\r\n			</div>\r\n		</div>\r\n	</div>\r\n</div>', '', '', 1, 0, 0, '', ''),
(11, NULL, 'ru', NULL, '2015-07-03 00:47:22', '2015-07-24 22:04:10', 1, 1, 'Наша команда', 'Наша команда', 'nasha-komanda', '<!--=== Team v1 ===--><div class="container content-md team-v1">\r\n	<ul class="list-unstyled row">\r\n		<li class="col-sm-3 col-xs-6 md-margin-bottom-30">\r\n		<div class="team-img">\r\n			<img class="img-responsive" src="http://finprotected.com/uploads/image/b23c53420e3a911caf7b52ed8c28415f.jpg" alt="">\r\n		</div>\r\n		<h3>Александр </h3>\r\n		<h4>/ юрист</h4>\r\n		Александр Колосовский: Привлеченный эксперт-консультант по юридическим вопросам связанным с мошенничеством в интернете. Опыт работы более 5 лет...\r\n		</li>\r\n		<li class="col-sm-3 col-xs-6 md-margin-bottom-30">\r\n		<div class="team-img">\r\n			<img class="img-responsive" src="http://finprotected.com/uploads/image/ab3b03aee384ba2eb65fbc053a5c8efd.jpg" alt="">\r\n		</div>\r\n		<h3>Сергей </h3>\r\n		<h4>/ эксперт платежных систем</h4>\r\n		Сергей Волков: Работал генеральным директором процессингового центра "Ассист", возглавлял компании "Яндекс Деньги", "Yota Money"...\r\n		</li>\r\n		<li class="col-sm-3 col-xs-6 md-margin-bottom-30">\r\n		<div class="team-img">\r\n			<img class="img-responsive" src="http://finprotected.com/uploads/image/beb6a812df71a2b096126391688cb948.jpg" alt="">\r\n		</div>\r\n		<h3>Михаил </h3>\r\n		<h4>/ директор</h4>\r\n		Михаил Брачев: С 2011г. работал в сфере защиты сайтов от мошеннических операций. С 2013г. - в сфере открытия юр. лиц нерезидентов и получении разрешений, сертификатов, лицензий...\r\n		</li>\r\n		<li class="col-sm-3 col-xs-6 md-margin-bottom-30">\r\n		<div class="team-img">\r\n			<img class="img-responsive" src="http://finprotected.com/uploads/image/f901d40aa035107364b13f2257d18192.jpg" alt="">\r\n		</div>\r\n		<h3>Евгений </h3>\r\n		<h4>/ специалист по мошенническим операциям</h4>\r\n		Евгений Ашкинази: Более 4-х лет возглавлял Фрод мониторинг "КФЦ Процессинг". Эксперт по правилам МПС...\r\n		</li>\r\n	</ul>\r\n</div><!--=== End Team v1 ===--><!--=== Team part2 v1 ===--><div class="container content-md team-v1">\r\n	<ul class="list-unstyled row">\r\n		<li class="col-sm-3 col-xs-6 md-margin-bottom-30">\r\n		<div class="team-img"><img class="img-responsive" src="http://finprotected.com/uploads/image/144e0f9a6c941c89c97e09b9785e027e.jpg" alt="">\r\n		</div>\r\n		<h3>Максим </h3>\r\n		<h4>/ технический аудитор</h4>\r\n		Максим Авраменко: Специализируется в интеграции платежных решений для интернет проектов. Технический аудит, тестирование программного кода платежных решений. Опыт более 3 лет...\r\n		</li>\r\n		<li class="col-sm-3 col-xs-6 md-margin-bottom-30">\r\n		<div class="team-img"><img class="img-responsive" src="http://finprotected.com/uploads/image/072e21e9e282c8c1c50756a19a6c9b0f.jpg" alt="">\r\n		</div>\r\n		<h3>Андрей </h3>\r\n		<h4>/ руководитель проектов</h4>\r\n		Андрей Анищенко: Опыт более 5 лет в сфере разработки, аудита и внедрения платежных решений. Наиболее значимые проекты: Сделка без риска Freelance.ru, процессинг быстрых платежей конструктора сайтов "Nethouse.ru"...\r\n		</li>\r\n		<li class="col-sm-3 col-xs-6 md-margin-bottom-30">\r\n		<div class="team-img"><img class="img-responsive" src="http://finprotected.com/uploads/image/ad16278190550c68f56f8c8fbcb269be.jpg" alt="">\r\n		</div>\r\n		<h3>Валерия </h3>\r\n		<h4>/ администратор соц.групп</h4> Валерия Мунтяну: Привлеченный специалист по коммуникациям и связям с общественностью...\r\n		</li>\r\n		<li class="col-sm-3 col-xs-6 md-margin-bottom-30">\r\n		<div class="team-img"><img class="img-responsive" src="http://finprotected.com/uploads/image/6d9ccda240af0105cecd62c21cfafd55.jpg" alt="">\r\n		</div>\r\n		<h3>Тимур </h3>\r\n		<h4>/ эксперт по эквайрингу</h4>\r\n		Тимур Oхинько: Специализируется в разработке и внедрении эквайринговых решений, сертификации интернет проектов стандарта PCI DSS...\r\n		</li>\r\n	</ul>\r\n	<p><br>\r\n	</p>\r\n</div><!--=== End Team part2 v1 ===-->', '', '', 1, 0, 0, '', ''),
(12, NULL, 'ru', 1, '2015-07-03 15:03:06', '2015-08-07 19:40:21', 1, 1, 'Открытие юр. лиц резидентов и не резидентов', 'Открытие юр. лиц резидентов и не резидентов', 'otkrytie-yur-lic-rezidentov-i-ne-rezidentov', '<p><span style="font-size: 16px;"><br></span>\r\n</p><p><span style="font-size: 16px;">Одна из главных задач при открытии компании для интернет-проекта это выбор юрисдикции юр. лица, форма и тип налогообложение.\r\n	</span>\r\n</p><p><span style="font-size: 16px;">Наши специалисты подбирают исходя из типа бизнеса и региона приема платежей наиболее подходящий вариант.</span>\r\n</p><p><span style="font-size: 16px;">Мы учитываем все нюансы и предлагаем комплексное решение, которое избавит вас от необходимости открывать новое юр. лицо, если принимаете решение начать продажи в новом регионе или стране.</span>\r\n</p><div class="container content-sm">\r\n	<div class="headline-center margin-bottom-60">\r\n		<h2>Можно заказать полный комплекс услуг по возврату в рамках которого: </h2>\r\n	</div>\r\n</div><div class="row">\r\n	<div class="col-md-6 md-margin-bottom-50">\r\n		<img class="img-responsive" src="http://finprotected.com/uploads/image/47d0d502a95759e9bef94af0b26f5951.jpg">\r\n	</div>\r\n	<div class="col-md-6">\r\n		<div class="row">\r\n			<ul class="col-xs-12 list-unstyled lists-v1">\r\n				<li><span style="font-size: 16px;"><i class="fa fa-angle-right"></i>подберем вам оптимальную юрисдикцию для открытия юр. лица</span></li>\r\n				<li><span style="font-size: 16px;"><i class="fa fa-angle-right"></i>открываем юр. лица в нескольких регионах (Для приема платежей в ЕС, СНГ, России, Мир)</span></li>\r\n				<li><span style="font-size: 16px;"><i class="fa fa-angle-right"></i>аренда юр. адреса и реальная аренда</span></li>\r\n				<li><span style="font-size: 16px;"><i class="fa fa-angle-right"></i>подбор кадров (номинальный директор)</span></li>\r\n				<li><span style="font-size: 16px;"><i class="fa fa-angle-right"></i>помощь в организации бизнеса(юрист, бухгалтер, переводчик)</span></li>\r\n				<li><span style="font-size: 16px;"><i class="fa fa-angle-right"></i>подключение платежных систем (подбор контрагентов и заключение контракта)</span></li>\r\n				<li><span style="font-size: 16px;"><i class="fa fa-angle-right"></i>дополнительные услуги</span></li>\r\n			</ul>\r\n		</div>\r\n	</div>\r\n</div><div class="container content-sm">\r\n	<div class="headline-center margin-bottom-60">\r\n		<h2>Мы работаем с проектами любой сложности:</h2>\r\n	</div>\r\n</div><div class="row">\r\n	<div class="col-md-6 md-margin-bottom-50">\r\n		<img class="img-responsive" src="http://finprotected.com/uploads/image/741e26065f538bd0710b22f92cc32336.jpg">\r\n	</div>\r\n	<div class="col-md-6">\r\n		<div class="row">\r\n			<ul class="col-xs-12 list-unstyled lists-v1">\r\n				<li><span style="font-size: 16px;"><i class="fa fa-angle-right"></i>Открытие юр. лица под игорную деятельность с юрисдикцией Кюрасао, подключение эквайринга через центрально американский банк с приемом карт в России.</span></li>\r\n				<li><span style="font-size: 16px;"><i class="fa fa-angle-right"></i>Открытие юр.лица с учредителем не резидентом (Узбекистан) в РФ, подключение терминальных сетей РФ.</span></li>\r\n				<li><span style="font-size: 16px;"><i class="fa fa-angle-right"></i>Открытие филиала Российской компании - платежная система в Беларуси и подключение в ЕРИП.</span></li>\r\n				<li><span style="font-size: 16px;"><i class="fa fa-angle-right"></i>Открытие агента юр. лица в Казахстане для прима средств через местные терминальные сети для букмекерской конторы.</span></li>\r\n			</ul>\r\n		</div>\r\n	</div>\r\n</div><div class="container content-sm">\r\n	<div class="headline-center margin-bottom-60">\r\n		<h2>В состав работы входит:</h2>\r\n	</div>\r\n</div><div class="row">\r\n	<div class="col-md-6 md-margin-bottom-50">\r\n		<img class="img-responsive" src="http://finprotected.com/uploads/image/8ea91bd06174b16ed5f792a7c61f6545.jpg">\r\n	</div>\r\n	<div class="col-md-6">\r\n		<div class="row">\r\n			<ul class="col-xs-12 list-unstyled lists-v1">\r\n				<li><span style="font-size: 16px;"><i class="fa fa-angle-right"></i>Проведение анализа бизнес модели </span></li>\r\n				<li><span style="font-size: 16px;"><i class="fa fa-angle-right"></i>Подбор юрисдикции соответствующей условиям бизнес модели</span></li>\r\n				<li><span style="font-size: 16px;"><i class="fa fa-angle-right"></i>Подготовка документов</span></li>\r\n				<li><span style="font-size: 16px;"><i class="fa fa-angle-right"></i>Аренда юр. адреса, регистрация фирмы, открытие банковских счетов</span></li>\r\n				<li><span style="font-size: 16px;"><i class="fa fa-angle-right"></i>Подключение платежей</span></li>\r\n				<li><span style="font-size: 16px;"><i class="fa fa-angle-right"></i>Дополнительные услуги (подбор кадров, услуги юристов, переводчика, бухгалтеров)</span></li>\r\n			</ul>\r\n		</div>\r\n	</div>\r\n</div><p><span style="font-size: 16px;"><br></span>\r\n</p><p><span style="font-size: 16px;"><br></span>\r\n</p><p><span style="font-size: 16px;"><br></span>\r\n</p><div class="headline">\r\n	<h2>Дополнительно:</h2>\r\n</div><div class="row">\r\n	<div class="col-md-6 md-margin-bottom-50">\r\n		<img class="img-responsive" src="http://finprotected.com/uploads/image/3a4ad12d2d58277c751b1ba111a65938.jpg">\r\n	</div>\r\n	<div class="col-md-6">\r\n		<p><span style="font-size: 16px;">Мы так же предоставляем консультации клиентам, решивших выполнять работы по открытию юр. лица самостоятельно.</span>\r\n		</p>\r\n		<p><span style="font-size: 16px;">Стоимость зависит о бизнес модели, особенностей документов учредителей, регионов приема платежей, заказа доп. услуг.</span>\r\n		</p>\r\n	</div>\r\n</div>', '', '', 1, 0, 0, '', ''),
(14, NULL, 'ru', NULL, '2015-07-06 12:40:55', '2015-10-19 12:26:14', 1, 4, 'Главная', 'Главная', 'index', '<!-- Thumbnails v1 --><p style="text-align: justify;"><span style="font-size: 16px;"><span style="color: rgb(128, 100, 162);">Finprotected</span> - мы  работаем на рынке интернет платежей. Основной деятельностью является защита плательщиков и интернет проектов от мошенников. Оказываем помощь в организации интернет бизнеса, содействуем в открытии юридических лиц резидентов и не резидентов, способствуем в получении лицензий, сертификатов и специальных разрешений, подключаем прием интернет-платежей и выплаты на электронные кошельки и банковские карты.</span>\r\n</p><hr><div class="row">\r\n	<div class="col-md-4">\r\n		<div class="thumbnails thumbnail-style thumbnail-kenburn">\r\n			<div class="thumbnail-img">\r\n				<div class="overflow-hidden">\r\n					<img class="img-responsive" src="/assets/c76981fb/img/main/img1.jpg" alt="">\r\n				</div>\r\n				<a class="btn-more hover-effect" href="http://finprotected.com/blogs/isk-k-robokasse-vtoraya-gruppa">подробнее +</a>\r\n			</div>\r\n			<div class="caption">\r\n				<h3><a class="hover-effect" href="http://finprotected.com/blogs/isk-k-robokasse-vtoraya-gruppa">Иск к Робокассе</a></h3>\r\n				<p>Организовываем коллективные иски в рамках ФЗ 161 и ФЗ 115 от потерпевших клиентов MMCIS и Mill trade . Подан иск первой группы, идет набор во вторую группу.\r\n				</p>\r\n			</div>\r\n		</div>\r\n	</div>\r\n	<div class="col-md-4">\r\n		<div class="thumbnails thumbnail-style thumbnail-kenburn">\r\n			<div class="thumbnail-img">\r\n				<div class="overflow-hidden">\r\n					<img class="img-responsive" src="/assets/c76981fb/img/main/img4.jpg" alt="">\r\n				</div>\r\n				<a class="btn-more hover-effect" href="http://finprotected.com/blogs/isk-k-rbk-pervaya-gruppa">подробнее +</a>\r\n			</div>\r\n			<div class="caption">\r\n				<h3><a class="hover-effect" href="http://finprotected.com/blogs/isk-k-rbk-pervaya-gruppa">Иск к РБК</a></h3>\r\n				<p>Организовываем коллективные иски в рамках ФЗ 161 и ФЗ 115 от потерпевших клиентов MMCIS и Mill trade . Набираем в первую группу\r\n				</p>\r\n			</div>\r\n		</div>\r\n	</div>\r\n	<div class="col-md-4">\r\n		<div class="thumbnails thumbnail-style thumbnail-kenburn">\r\n			<div class="thumbnail-img">\r\n				<div class="overflow-hidden">\r\n					<img class="img-responsive" src="/assets/c76981fb/img/main/img3.jpg" alt="">\r\n				</div>\r\n				<a class="btn-more hover-effect" href="http://finprotected.com/blogs/isk-k-dengi-online-pervaya-gruppa">подробнее +</a>\r\n			</div>\r\n			<div class="caption">\r\n				<h3><a class="hover-effect" href="http://finprotected.com/blogs/isk-k-dengi-online-pervaya-gruppa">Иск к ДеньгиОнлайн</a></h3>\r\n				<p>Организовываем коллективные иски в рамках нарушения договора оферты, не оказание услуг. Идет подготовка к иску.\r\n				</p>\r\n			</div>\r\n		</div>\r\n	</div>\r\n</div><!--/row--><!-- End Thumbnails v1 -->', '', '', 1, 0, 0, '', ''),
(15, NULL, 'ru', NULL, '2015-08-16 16:11:56', '2015-10-06 14:50:44', 1, 4, 'Расследование МССИС и милтрейд', 'ММСИС и милтрейд', 'mmsis-i-miltreyd', '<p>После обращения потерпевших потребителей форекса MMCIS и форекса сателлита Mill Trade. Finprotected начал проводить анализ работы. Были изучены банковские выписки клиентов, переписка клиентов с форексом, переписка клиентов с платежной системой. </p><p><img src="http://finprotected.com/uploads/image/5e49251f4642b13d22d8098e788ba539.jpg"></p><br>  <p>На основе полученных данных команда Finprotected решила провести опротестование платежей в соответствии с Международными правилами платежной системы Visa / Master Card. Finprotected  подготовил необходимый пакет документов, заявление для дальнейшей подачи в банки клиентов. В ряде случаем из-за не компетентности сотрудников банков, документы не принимались банками, однако,  Finprotected убедила банки принять заявление на опротестование и отправить в работу. </p>  <p>Спустя двухмесячный период времен наши клиенты начали получать отказы от банков на возврат средств. Хотя согласной правилам Международных платежных систем банки обязаны были возвратить средства нашим клиентам. По нашей информации это произошло из-за того, что между платежными системами, банками экваейрами и Международной платежной системой произошла договоренность. Она заключалась в том, что данные случаи ввиду своей массовости  могут рассматриваться не в рамках правил МПС и по ним могут быть сделать отказ в возврате средств клиентам. Далее платежными системами проводившими платежи (Робокасса, РБК мани), была выработана позиция, заключающаяся в том, что клиент платил в пользу Робокасса или РБК мани, а далее по распоряжению клиентов с платежной системы отправлялся платеж в компании ММСИС. </p>  <p>Однако выбрав данную позицию, платежные системы нарушили Федеральный закон от 27 июня 2011 г. N 161-ФЗ<span class="apple-converted-space"> "</span>О национальной <wbr>платежной системе"  и Федеральный закон от 7 августа 2001 г. N 115-ФЗ"О противодействии и легализации (отмыванию) доходов, полученных преступным путем, и финансированию терроризма". В ввиду данных законов ряд сделок перечисленных  через платежные системы Робокасса и РБК мани противоречат Федеральным законам и должны быть возвращены плательщику. </p><p><br></p><p><img src="http://finprotected.com/uploads/image/6bd572f59119f4850d2f42e95f3f7860.jpg"></p><br>  <p>Так как дело идет в рамках Российского законодательства, в Finprotected был приглашен юрист. С целью уменьшения затрат, а также показа массовости дела, Finprotected принято решение подать в суд на платежные системы коллективный иск. Мы считаем, что коллективный иск привлечен внимание общественности, что приведет в принятии решения суда в нашу пользу. </p><p><img src="http://finprotected.com/uploads/image/192f49c7b763c315f3e37c477ca8478d.jpg"></p><br>  <p>Мы предполагаем, что в ходе судебных разбирательств, платежные системы изменят свою позицию. Объяснив, то что они осуществляли лишь процесинговую часть – перевода средств без зачисления на свой счет. В этом случае, Finprotected организует иск против банков эмитентов по причине не принятия заявлений, либо отказ принятых заявлений на возврат средств клиентов по процедуре chargeback.</p><div class="coming-soon-border">\r\n</div><div class="coming-soon-bg-cover">\r\n</div><!--=== Content Part ===--><div class="row">\r\n	</div><!-- Coming Soon Plugn --><div class="coming-soon-plugin">\r\n		<div id="defaultCountdown" data-until="2015-09-30">\r\n		</div>\r\n	</div><!--/container--><!--=== End Content Part ===-->', '', '', 1, 0, 0, 'coming-soon', 'coming-soon'),
(17, NULL, 'ru', NULL, '2015-08-23 19:39:47', '2015-08-23 19:40:22', 1, 1, 'Скоро', 'Скоро', 'skoro', '<div class="coming-soon-border">\r\n</div><div class="coming-soon-bg-cover">\r\n</div><!--=== Content Part ===--><div class="container cooming-soon-content">\r\n	<!-- Coming Soon Content -->\r\n	<div class="row">\r\n		<div class="col-md-12 coming-soon">\r\n			<h1>Скоро</h1>\r\n			<p>Описание для странички скоро\r\n			</p><br>\r\n		</div>\r\n	</div>\r\n	<!-- Coming Soon Plugn -->\r\n	<div class="coming-soon-plugin">\r\n		<div id="defaultCountdown" data-until="2015-09-30">\r\n		</div>\r\n	</div>\r\n</div><!--/container--><!--=== End Content Part ===-->', '', '', 1, 0, 0, 'coming-soon', 'coming-soon'),
(18, NULL, 'ru', NULL, '2015-08-24 12:02:47', '2015-08-24 17:09:11', 1, 1, '', 'заглушка 1', 'zaglushka-1', '<div class="coming-soon-border">\r\n</div><div class="coming-soon-bg-cover">\r\n</div><!--=== Content Part ===--><div class="container cooming-soon-content">\r\n	<!-- Coming Soon Content -->\r\n	<div class="row">\r\n		<div class="col-md-12 coming-soon">\r\n			<h1>До запуска раздела осталось</h1>\r\n			<p><br>\r\n			</p><br>\r\n		</div>\r\n	</div>\r\n	<!-- Coming Soon Plugn -->\r\n	<div class="coming-soon-plugin">\r\n		<div id="defaultCountdown" data-until="2015-10-20">\r\n		</div>\r\n	</div>\r\n</div><!--/container--><!--=== End Content Part ===-->', '', '', 1, 0, 0, 'coming-soon', 'coming-soon'),
(19, NULL, 'ru', NULL, '2015-08-24 12:03:02', '2015-10-15 12:38:17', 1, 1, '', 'Заглушка 2', 'zaglushka-2', '<div class="coming-soon-border">\r\n</div><div class="coming-soon-bg-cover">\r\n</div><!--=== Content Part ===--><div class="container cooming-soon-content">\r\n	<!-- Coming Soon Content -->\r\n	<div class="row">\r\n		<div class="col-md-12 coming-soon">\r\n			<h1>До запуска раздела осталось</h1><p><a href="http://finprotected.com/"><strong>Назад на главную</strong></a></p>\r\n			<p><br>\r\n			</p><br>\r\n		</div>\r\n	</div>\r\n	<!-- Coming Soon Plugn -->\r\n	<div class="coming-soon-plugin">\r\n		<div id="defaultCountdown" data-until="2015-10-30">\r\n		</div>\r\n	</div>\r\n</div><!--/container--><!--=== End Content Part ===-->', '', '', 1, 0, 0, 'coming-soon', 'coming-soon'),
(20, NULL, 'ru', NULL, '2015-09-22 19:38:19', '2015-10-15 13:30:28', 4, 4, 'Расследование МССИС и милтрейд', 'Расследование МССИС и милтрейд', 'rassledovanie-mssis-i-miltreyd', '<p>После обращения потерпевших потребителей форекса MMCIS и форекса сателлита Mill Trade. Finprotected начал проводить анализ работы. Были изучены банковские выписки клиентов, переписка клиентов с форексом, переписка клиентов с платежной системой. На основе полученных данных команда Finprotected решила провести опротестование платежей в соответствии с Международными правилами платежной системы Visa / Master Card. Был собран необходимый пакет документов для опротестования, подготовлены документы необходимого стандарта. После подачи документов в банк, наши клиенты стали получать отказы по возврату средств. Формулировка отказа заключалась в том, что клиенты якобы делали перевод в пользу платежной системы, все требования должны решаться с платежной системой, принявшие средства. Дабы избежать возможногПосле обращения потерпевших потребителей форекса MMCIS и форекса сателлита Mill Trade. Finprotected начал проводить анализ работы. Были изучены банковские выписки клиентов, переписка клиентов с форексом, переписка клиентов с платежной системой.</p><p><img src="http://finprotected.com/uploads/image/9f6f550fadfa88eb53375191c27d9d12.jpg"></p><p style="text-align: justify;">На основе полученных данных команда Finprotected решила провести опротестование платежей в соответствии с Международными правилами платежной системы Visa / Master Card. Finprotected подготовил необходимый пакет документов, заявление для дальнейшей подачи в банки клиентов. В ряде случаем из-за не компетентности сотрудников банков, документы не принимались банками, однако, Finprotected убедила банки принять заявление на опротестование и отправить в работу.</p><p style="text-align: justify;">Спустя двухмесячный период времен наши клиенты начали получать отказы от банков на возврат средств. Хотя согласной правилам Международных платежных систем банки обязаны были возвратить средства нашим клиентам. По нашей информации это произошло из-за того, что между платежными системами, банками экваейрами и Международной платежной системой произошла договоренность. Она заключалась в том, что данные случаи ввиду своей массовости могут рассматриваться не в рамках правил МПС и по ним могут быть сделать отказ в возврате средств клиентам. Далее платежными системами проводившими платежи (Робокасса, РБК мани), была выработана позиция, заключающаяся в том, что клиент платил в пользу Робокасса или РБК мани, а далее по распоряжению клиентов с платежной системы отправлялся платеж в компании ММСИС.</p><p style="text-align: justify;">Однако выбрав данную позицию, платежные системы нарушили Федеральный закон от 27 июня 2011 г. N 161-ФЗ "О национальной <wbr>платежной системе"  и Федеральный закон от 7 августа 2001 г. N 115-ФЗ"О противодействии и легализации (отмыванию) доходов, полученных преступным путем, и финансированию терроризма". В ввиду данных законов ряд сделок перечисленных через платежные системы Робокасса и РБК мани противоречат Федеральным законам и должны быть возвращены плательщику.</p><p><img src="http://finprotected.com/uploads/image/85934165038a77d4cf75291ad9493751.jpg"></p><p><br></p><p style="text-align: justify;">Так как дело идет в рамках Российского законодательства, в Finprotected был приглашен юрист. С целью уменьшения затрат, а также показа ассовости дела, Finprotected принято решение подать в суд на платежные системы коллективный иск. Мы считаем, что коллективный иск привлечен внимание общественности, что приведет в принятии решения суда в нашу пользу.</p><p style="text-align: justify;"><img src="http://finprotected.com/uploads/image/53b9f3a3a5f29f35d376e4a210eee875.jpg" style="line-height: 1.6em;"></p><div style="text-align: justify;">Мы предполагаем, что в ходе судебных разбирательств, платежные системы изменят свою позицию. Объяснив, то что они осуществляли лишь процесинговую часть – перевода средств без зачисления на свой счет. В этом случае, Finprotected организует иск против банков эмитентов по причине не принятия заявлений, либо отказ принятых заявлений на возврат средств клиентов по процедуре chargeback.о возврата средств по процедуре опротестования платежей Visa / Master Card платежной системе пришлось раскрыть финансовую схему работы, противоречащую ФЗ РФ.</div><div style="text-align: justify;">Вследствие этого, Finprotected принял решение переквалифицировать это дело в сферу Российского законадательства и начать дело против платежных систем, проводивших платежи в форексы MMCIS и форексы сателлита Mill Trade.</div><div style="text-align: justify;">Подробнее о текущих делах можете посмотреть в главе текущие расследования.</div>', '', '', 1, 0, 0, '', '');
INSERT INTO `yupe_page_page` (`id`, `category_id`, `lang`, `parent_id`, `create_time`, `update_time`, `user_id`, `change_user_id`, `title_short`, `title`, `slug`, `body`, `keywords`, `description`, `status`, `is_protected`, `order`, `layout`, `view`) VALUES
(21, NULL, 'ru', NULL, '2015-10-15 13:23:19', '2015-10-15 13:40:51', 1, 1, '', '​Политика конфиденциальности. Privacy Policy', 'politika-konfidencialnosti-privacy-policy', '<p style="text-align: justify;"><span style="font-size: 14px;"><span style="color: rgb(12, 12, 12);"><br></span></span></p><div style="text-align: justify;"><span style="font-size: 14px;"><span style="color: rgb(12, 12, 12);"><strong>1. Предмет Политики Конфиденциальности</strong><strong></strong></span></span></div><div style="text-align: justify;"><span style="font-size: 14px;"><span style="color: rgb(12, 12, 12);">Настоящая политика конфиденциальности личных данных (далее «Политика конфиденциальности») устанавливает обязательства Администрации по неразглашению и обеспечению режима защиты конфиденциальности личных данных, которые Пользователь предоставляет по запросу Администрации при регистрации на сайте <a href="http://finprotected.com/">http://finprotected.com/</a> (далее - «Сайт»). </span></span></div><div style="text-align: justify;"><span style="font-size: 14px;"><span style="color: rgb(12, 12, 12);">Политика Конфиденциальности относится ко всей информации, которую Сайт может получить о Пользователе во время использования Услуг. Регистрируясь на Сайте, Пользователь выражает своё согласие со всеми положениями данной Политики Конфиденциальности.<br></span></span></div><div style="text-align: justify;"><span style="font-size: 14px;"><span style="color: rgb(12, 12, 12);">Политика Конфиденциальности может быть изменена Администрацией без предварительного уведомления. Актуальная версия Политики Конфиденциальности всегда находится по адресу <a href="http://finprotected.com/pages/politika-konfidencialnosti-privacy-policy">http://finprotected.com/pages/politika-konfidencia...</a><br></span></span></div><div style="text-align: justify;"><span style="font-size: 14px;"><span style="color: rgb(12, 12, 12);"><br></span></span></div><div style="text-align: justify;"><span style="font-size: 14px;"><span style="color: rgb(12, 12, 12);"><strong>2. Личные данные Пользователя</strong></span></span></div><div style="text-align: justify;"><span style="font-size: 14px;"><span style="color: rgb(12, 12, 12);">Регистрируясь на Сайте, Пользователь предоставляет Администрации личные данные, включая, в числе прочего, имя, фамилию, адрес электронной почты, и дату рождения. В процессе регистрации и/или использования Услуг, Сайт может автоматически или при участии Пользователя получить дополнительную личную информацию, включая, в числе прочего, IP-адрес, версию браузера, адрес страницы-реферера, и прочую техническую информацию, которая не может быть использована для установления личности Пользователя без проведения дополнительных мероприятий.</span></span></div><div style="text-align: justify;"><span style="font-size: 14px;"><span style="color: rgb(12, 12, 12);">Для использования отдельных Услуг от Пользователя может потребоваться предоставление доступа к учётным записям сторонних поставщиков услуг, включая, в числе прочего, общедоступные файловые хранилища, сервисы моментальных сообщений, социальные сети и т.п. В этом случае, Сайт может получить от стороннего поставщика услуг дополнительную личную информацию, включая, в числе прочего, пол, местоположение, юзерпик и т.п. Полная информация, доступ к которой осуществляется через стороннего поставщика услуг, обрабатывается и сохраняется им в соответствии с его пользовательским соглашением и политикой конфиденциальности.<br></span></span></div><div style="text-align: justify;"><span style="font-size: 14px;"><span style="color: rgb(12, 12, 12);">В процессе сбора Платы за пользование Услугами Сайт может получать дополнительную информацию, включая, в числе прочего, номер транзакции, тип и срок действия используемой для оплаты кредитной карты, а также последние 4 цифры номера счёта. Подробная финансовая информация собирается, обрабатывается и сохраняется сторонним поставщиком платёжных услуг и в соответствии с его пользовательским соглашением и политикой конфиденциальности.<br></span></span></div><div style="text-align: justify;"><span style="font-size: 14px;"><span style="color: rgb(12, 12, 12);"><br></span></span></div><div style="text-align: justify;"><span style="font-size: 14px;"><span style="color: rgb(12, 12, 12);"><strong>3. Использование личных данных</strong></span></span></div><div style="text-align: justify;"><span style="font-size: 14px;"><span style="color: rgb(12, 12, 12);">Администрация может использовать предоставленные Пользователем личные данные для:</span></span></div><div style="text-align: justify;"><span style="font-size: 14px;"><span style="color: rgb(12, 12, 12);">a) создания учётной записи Пользователя и последующей идентификации и предоставления ему доступа к персонализированным ресурсам Сайта;</span></span></div><div style="text-align: justify;"><span style="font-size: 14px;"><span style="color: rgb(12, 12, 12);">b) установления с Пользователем обратной связи, включая направление уведомлений, запросов, касающихся использования Сайта, оказания услуг, обработки запросов и заявок от Пользователя;</span></span></div><div style="text-align: justify;"><span style="font-size: 14px;"><span style="color: rgb(12, 12, 12);">c) определения местоположения Пользователя для обеспечения безопасности, предотвращения мошенничества;</span></span></div><div style="text-align: justify;"><span style="font-size: 14px;"><span style="color: rgb(12, 12, 12);">d) подтверждения достоверности и полноты личных данных, предоставленных Пользователем.</span></span></div><div style="text-align: justify;"><span style="font-size: 14px;"><span style="color: rgb(12, 12, 12);">e) обработки и получения Платы за Услуги;</span></span></div><div style="text-align: justify;"><span style="font-size: 14px;"><span style="color: rgb(12, 12, 12);">f) предоставления Пользователю клиентской и технической поддержки при возникновении проблем связанных с использованием Сайта;</span></span></div><div style="text-align: justify;"><span style="font-size: 14px;"><span style="color: rgb(12, 12, 12);">g) предоставления Пользователю, с его согласия, обновлений продукции, специальных предложений, информации о Тарифах, новостной рассылки и иных сведений от Администрации и/или её партнёров;</span></span></div><div style="text-align: justify;"><span style="font-size: 14px;"><span style="color: rgb(12, 12, 12);">h) осуществления рекламной деятельности с согласия Пользователя;</span></span></div><div style="text-align: justify;"><span style="font-size: 14px;"><span style="color: rgb(12, 12, 12);">i) предоставления Пользователю доступа на сайты или сервисы партнеров.</span></span></div><div style="text-align: justify;"><span style="font-size: 14px;"><span style="color: rgb(12, 12, 12);">Обработка личных данных Пользователя осуществляется Администрацией без ограничения срока, любым законным способом, в том числе<br></span></span></div><div style="text-align: justify;"><span style="font-size: 14px;"><span style="color: rgb(12, 12, 12);">в информационных системах с использованием средств автоматизации или без использования таких средств.</span></span></div><div style="text-align: justify;"><span style="font-size: 14px;"><span style="color: rgb(12, 12, 12);">Администрация Сайта принимает необходимые организационные<br></span></span></div><p style="text-align: justify;"><span style="font-size: 14px;"><span style="color: rgb(12, 12, 12);">и технические меры для защиты персональной информации Пользователя от неправомерного или случайного доступа, уничтожения, изменения, блокирования, копирования, распространения, а также </span></span></p><p style="text-align: justify;"><span style="font-size: 14px;"><span style="color: rgb(12, 12, 12);">от иных неправомерных действий третьих лиц. При утрате или разглашении персональных данных, Администрация информирует Пользователя о факте утраты или разглашения персональных данных.</span></span></p><p style="text-align: justify;"><span style="font-size: 14px;"><span style="color: rgb(12, 12, 12);"><br></span></span></p><div style="text-align: justify;"><span style="font-size: 14px;"><span style="color: rgb(12, 12, 12);"><strong>4. Обязательства Пользователя</strong></span></span></div><div style="text-align: justify;"><span style="font-size: 14px;"><span style="color: rgb(12, 12, 12);">Пользователь обязуется предоставить личные данные, необходимые для пользования Сайтом, и поддерживать их в актуальном состоянии.</span></span></div><div style="text-align: justify;"><span style="font-size: 14px;"><span style="color: rgb(12, 12, 12);"><br></span></span></div><div style="text-align: justify;"><span style="font-size: 14px;"><span style="color: rgb(12, 12, 12);"><strong>5. Обязательства Администрации</strong></span></span></div><div style="text-align: justify;"><span style="font-size: 14px;"><span style="color: rgb(12, 12, 12);">Администрация обязуется:</span></span></div><div style="text-align: justify;"><span style="font-size: 14px;"><span style="color: rgb(12, 12, 12);">a) Использовать полученную информацию исключительно для целей, указанных в пункте 3 настоящей Политики Конфиденциальности;</span></span></div><div style="text-align: justify;"><span style="font-size: 14px;"><span style="color: rgb(12, 12, 12);">b) обеспечить хранение личных данных в тайне, не разглашать без предварительного письменного разрешения Пользователя, а также </span></span></div><div style="text-align: justify;"><span style="font-size: 14px;"><span style="color: rgb(12, 12, 12);">не осуществлять продажу, обмен, опубликование, либо разглашение иными возможными способами переданных личных данных Пользователя, за исключением указанных в пункте 2 настоящей Политики Конфиденциальности;</span></span></div><div style="text-align: justify;"><span style="font-size: 14px;"><span style="color: rgb(12, 12, 12);">c) принимать меры предосторожности для защиты конфиденциальности личных данных Пользователя согласно общепринятых процедур;</span></span></div><div style="text-align: justify;"><span style="font-size: 14px;"><span style="color: rgb(12, 12, 12);">d) осуществить блокирование личных данных Пользователя с момента обращения или запроса Пользователя или его законного представителя либо уполномоченного органа по защите прав субъектов персональных данных на период проверки, в случае выявления недостоверных персональных данных или неправомерных действий.</span></span></div><div style="text-align: justify;"><span style="font-size: 14px;"><span style="color: rgb(12, 12, 12);">Администрация может передавать личные данные Пользователя уполномоченным органам соответствующей юрисдикции только по основаниям и в порядке, установленным законодательством Российской Федерации.<br></span></span></div><div style="text-align: justify;"><span style="font-size: 14px;"><span style="color: rgb(12, 12, 12);"><br></span></span></div><div style="text-align: justify;"><span style="font-size: 14px;"><span style="color: rgb(12, 12, 12);"><strong>6. Ответственность сторон</strong></span></span></div><p style="text-align: justify;"><span style="font-size: 14px;"><span style="color: rgb(12, 12, 12);">В случае неисполнения обязательств, Администрация несёт ответственность за убытки, понесённые Пользователем в связи с неправомерным использованием личных данных, в соответствии с законодательством Российской Федерации, за исключением случаев, когда личные данные:</span></span></p><div style="text-align: justify;"><span style="font-size: 14px;"><span style="color: rgb(12, 12, 12);">a) были переданы уполномоченным органам соответствующей юрисдикции;</span></span></div><div style="text-align: justify;"><span style="font-size: 14px;"><span style="color: rgb(12, 12, 12);">b) были разглашены третьей стороной после передачи Администрацией с согласия пользователя;</span></span></div><div style="text-align: justify;"><span style="font-size: 14px;"><span style="color: rgb(12, 12, 12);">с) стали публичным достоянием до их утраты или разглашения;</span></span></div><div style="text-align: justify;"><span style="font-size: 14px;"><span style="color: rgb(12, 12, 12);">d) были получены от третьей стороны до момента их получения Администрацией;</span></span></div><div style="text-align: justify;"><span style="font-size: 14px;"><span style="color: rgb(12, 12, 12);">e) были разглашены с согласия Пользователя.</span></span></div><div style="text-align: justify;"><span style="font-size: 14px;"><span style="color: rgb(12, 12, 12);">f) были разглашены вследствие действия обстоятельств непреодолимой силы.</span></span></div>', '', '', 1, 0, 0, '', ''),
(22, NULL, 'ru', NULL, '2015-10-16 12:19:57', '2015-10-16 14:42:02', 1, 1, '', 'Vkupon.ru аудит', 'vkuponru-audit', '<p><strong><span style="font-size: 16px;"><span style="color: rgb(0, 0, 0);"><br></span></span></strong>\r\n</p><p style="text-align: justify;"><span style="color: rgb(0, 0, 0);"><span style="font-size: 16px;"><span style="color: rgb(0, 0, 0);">Команда Finprotected провела  аудит  проекта Vkupon.ru.<span class="redactor-invisible-space" style="line-height: 1.6em; background-color: initial;"> </span></span></span>\r\n</span></p><p style="text-align: justify;"><span class="redactor-invisible-space" style="line-height: 1.6em; background-color: initial;"><span style="color: rgb(0, 0, 0);"><span style="font-size: 16px;"><span style="color: rgb(0, 0, 0);">Причина проведения анализа -  обращение  покупателя  купонатора не получившего свою покупку. </span></span></span></span><span style="font-size: 16px;"><span style="color: rgb(0, 0, 0);">В ходе анализа мы изучили: работу сайта, оферту, представленные товары и услуги, схемы продаж.</span></span>\r\n</p><p style="text-align: justify;"><br>\r\n</p><div style="text-align: center;"><img src="http://finprotected.com/uploads/image/5597bcf3ad585864c9ed039740998186.png">\r\n</div><div style="text-align: justify;" rel="text-align: justify;"><span style="color: rgb(0, 0, 0);"><span style="font-size: 16px;"><br></span>\r\n</span></div><div style="text-align: justify;" rel="text-align: justify;"><span style="color: rgb(0, 0, 0);"><span style="font-size: 16px;">Проведя аудит  купонатора у   Finprotected возникли сомнения  в отношении организации продажи ряда товаров. Так оказалось что  Vkupon.ru работает по двум схемам продаж</span>.\r\n</span></div><div style="text-align: justify;" rel="text-align: justify;"><span style="font-size: 16px;"><span style="color: rgb(0, 0, 0);"><br></span></span></div><div style="text-align: justify;" rel="text-align: justify;"><span style="font-size: 16px;"><span style="color: rgb(0, 0, 0);">Первая модель: купонатор продает купоны на скидки различных магазинов. Эта модель работы заключается в том, что после приобретения скидки клиент обращается к продавцу, где он должен приобрести услугу или товар. Т.е. в магазине оплачивает стоимость товара по скидочной цене получая  товар или услугу непосредственно у продавца. Описанный вариант работы является стандартной моделью работы любого купонатора.</span></span>\r\n</div><div style="text-align: justify;" rel="text-align: justify;"><span style="font-size: 16px;"><br></span>\r\n</div><div style="text-align: center;"><span style="font-size: 16px;"><strong>Первая схема. Есть сайт и нужно оплатить сам товар</strong><br></span>\r\n</div><div style="text-align: center;"><img src="http://finprotected.com/uploads/image/70d864da5c75e47d740ee587b4c48626.png">\r\n</div><p style="text-align: justify;"><strong><span style="font-size: 16px;"><br></span></strong>\r\n</p><p style="text-align: center;" rel="text-align: justify;"><strong><span style="font-size: 16px;">Реальный адрес куда можно приехать</span></strong>\r\n</p><div style="text-align: center;"><img src="http://finprotected.com/uploads/image/d253fb001d9df9d128ea7a1bcb51cecd.png">\r\n</div><p style="text-align: justify;"><span style="font-size: 16px;"><br></span>\r\n</p><p style="text-align: justify;" rel="text-align: justify;"><span style="font-size: 16px;"><span style="color: rgb(0, 0, 0);">Вторая модель -  вызывает подозрение, купонатор продает купон на товар за полную стоимость, а не купон на скидку. В этом случае, нет непосредственной  оплаты покупки. Стоимость купона полностью покрывает цену товара или услуги. Как видно, в описании товара имеется фраза: «Вы оплачиваете только стоимость купона. Никаких дополнительных оплат не требуется.» Такая модель не позволяет точно определить, кто же действительно является продавцом. Подобная организация продажи   вызывает ряд вопросов: легальна ли продажа, оплачены ли за него налоги, кто является продавцом, легально ли ввезен товар, на ком лежит ответственность за качество товара или услуги и ряд других вопросов.</span></span></p><p><br>\r\n</p><p style="text-align: center;"><span style="font-size: 16px;"><strong>Вторая схема. Нет доплаты, нет сайта, странный адрес почты службы доставки.</strong></span>\r\n</p><div style="text-align: center;"><img src="http://finprotected.com/uploads/image/32f887b65e3410e5259dcdb66af9195b.png">\r\n</div><p><br>\r\n</p><p style="text-align: center;"><span style="font-size: 16px;"><strong>В описании материал  кожа, однако на жалобы покупателей  сказали - смотрите внимательно PU -  кожа в характеристиках значит заменитель.</strong></span>\r\n</p><div style="text-align: center;" rel="text-align: center;"><img src="http://finprotected.com/uploads/image/75de451736fad24140068d403cc1387c.png">\r\n</div><p><br>\r\n</p><p style="text-align: center;"><strong><span style="font-size: 16px;">Адрес пром зона, попасть туда нельзя</span></strong>\r\n</p><div style="text-align: center;"><img src="http://finprotected.com/uploads/image/f0d11d8ae3817e84088718799280bc60.png"><br>\r\n</div><p style="text-align: justify;" rel="text-align: justify;"><span style="font-size: 16px;"><br></span>\r\n</p><p style="text-align: justify;" rel="text-align: justify;"><span style="font-size: 16px;"><span style="color: rgb(0, 0, 0);">Но несмотря на указание в оферте купонатора, что ответственность за товар несет продавец, то при покупке во  втором случае, мы считаем продавцом товара - купонатор. Т.к.  оплата производилась купонатору  и у нас нет никаких данных о происхождении товара,  нет чека,  не можем определить истинную компанию-продавца. В следствии чего, требования  законов связанных с Правами потребителя -действуют  на купонатора,  как на  продавца скидочного купона  и как на продавца конечного товара. Данное положение было использовано для возврата средств потерпевшим.</span><br></span>\r\n</p><div style="text-align: justify;">\r\n	<p style="text-align: justify;"><br>\r\n	</p>\r\n</div>', '', '', 1, 0, 0, '', ''),
(23, NULL, 'ru', NULL, '2015-11-03 20:57:22', '2015-11-03 21:16:28', 1, 1, '', 'Форма', 'forma', '<form id="pay" name="pay" method="POST" action="https://merchant.webmoney.ru/lmi/payment.asp" accept-charset="windows-1251">\r\n	<p>Пополнение аккаунта <a href="http://zorka.mobi/">http://zorka.mobi/</a>\r\n	</p>\r\n	<p>Введите сумму WMR и назначение платежа\r\n	</p>\r\n	<p>\r\n		<input type="text" size="4" name="LMI_PAYMENT_AMOUNT" value="1.0">\r\n		<input type="text" name="LMI_PAYMENT_DESC" value="" placeholder="Введите описание">\r\n		<input type="hidden" name="LMI_PAYMENT_NO" value="1">\r\n		<input type="hidden" name="LMI_PAYEE_PURSE" value="R183107595660">\r\n		<input type="hidden" name="LMI_SIM_MODE" value="0">\r\n	</p>\r\n	<p>\r\n		\r\n		<button class="btn btn-primary" type="submit" name="yt0">Выполнить</button>\r\n	</p>\r\n</form>', '', '', 1, 0, 0, '', ''),
(24, NULL, 'ru', NULL, '2015-11-03 21:27:42', '2015-11-03 21:27:56', 1, 1, '', 'форма бакс', 'forma-baks', '<form id="pay" name="pay" method="POST" action="https://merchant.webmoney.ru/lmi/payment.asp" accept-charset="windows-1251">\r\n	<p>Пополнение аккаунта <a href="http://zorka.mobi/">http://zorka.mobi/</a>\r\n	</p>\r\n	<p>Введите сумму WMZ и назначение платежа\r\n	</p>\r\n	<p>\r\n		<input type="text" size="4" name="LMI_PAYMENT_AMOUNT" value="1.0">\r\n		<input type="text" name="LMI_PAYMENT_DESC" value="" placeholder="Введите описание">\r\n		<input type="hidden" name="LMI_PAYMENT_NO" value="1">\r\n		<input type="hidden" name="LMI_PAYEE_PURSE" value="Z297465812704">\r\n		<input type="hidden" name="LMI_SIM_MODE" value="0">\r\n	</p>\r\n	<p>\r\n		<button class="btn btn-primary" type="submit" name="yt0">Выполнить</button>\r\n	</p>\r\n</form>', '', '', 1, 0, 0, '', '');

-- --------------------------------------------------------

--
-- Структура таблицы `yupe_queue_queue`
--

CREATE TABLE IF NOT EXISTS `yupe_queue_queue` (
  `id` int(11) NOT NULL AUTO_INCREMENT,
  `worker` int(11) NOT NULL,
  `create_time` datetime NOT NULL,
  `task` text NOT NULL,
  `start_time` datetime DEFAULT NULL,
  `complete_time` datetime DEFAULT NULL,
  `priority` int(11) NOT NULL DEFAULT '1',
  `status` int(11) NOT NULL DEFAULT '0',
  `notice` varchar(255) DEFAULT NULL,
  PRIMARY KEY (`id`),
  KEY `ux_yupe_queue_queue_worker` (`worker`),
  KEY `ux_yupe_queue_queue_priority` (`priority`)
) ENGINE=InnoDB DEFAULT CHARSET=utf8 AUTO_INCREMENT=1 ;

-- --------------------------------------------------------

--
-- Структура таблицы `yupe_sitemap_page`
--

CREATE TABLE IF NOT EXISTS `yupe_sitemap_page` (
  `id` int(11) NOT NULL AUTO_INCREMENT,
  `url` varchar(250) NOT NULL,
  `changefreq` varchar(20) NOT NULL,
  `priority` float NOT NULL DEFAULT '0.5',
  `status` int(11) NOT NULL DEFAULT '0',
  PRIMARY KEY (`id`),
  UNIQUE KEY `ux_yupe_sitemap_page_url` (`url`)
) ENGINE=InnoDB  DEFAULT CHARSET=utf8 AUTO_INCREMENT=4 ;

--
-- Дамп данных таблицы `yupe_sitemap_page`
--

INSERT INTO `yupe_sitemap_page` (`id`, `url`, `changefreq`, `priority`, `status`) VALUES
(1, '/', 'daily', 1, 1),
(2, '/news', 'weekly', 1, 1),
(3, '/blogs', 'monthly', 1, 1);

-- --------------------------------------------------------

--
-- Структура таблицы `yupe_social_user`
--

CREATE TABLE IF NOT EXISTS `yupe_social_user` (
  `id` int(11) NOT NULL AUTO_INCREMENT,
  `user_id` int(11) NOT NULL,
  `provider` varchar(250) NOT NULL,
  `uid` varchar(250) NOT NULL,
  PRIMARY KEY (`id`),
  UNIQUE KEY `ux_yupe_social_user_uid` (`uid`),
  KEY `ix_yupe_social_user_provider` (`provider`),
  KEY `fk_yupe_social_user_user_id` (`user_id`)
) ENGINE=InnoDB DEFAULT CHARSET=utf8 AUTO_INCREMENT=1 ;

-- --------------------------------------------------------

--
-- Структура таблицы `yupe_store_attribute`
--

CREATE TABLE IF NOT EXISTS `yupe_store_attribute` (
  `id` int(11) NOT NULL AUTO_INCREMENT,
  `group_id` int(11) DEFAULT NULL,
  `name` varchar(250) NOT NULL,
  `title` varchar(250) DEFAULT NULL,
  `type` tinyint(4) DEFAULT NULL,
  `unit` varchar(30) DEFAULT NULL,
  `required` tinyint(1) NOT NULL DEFAULT '0',
  PRIMARY KEY (`id`),
  UNIQUE KEY `ux_yupe_store_attribute_name_group` (`name`,`group_id`),
  KEY `ix_yupe_store_attribute_title` (`title`),
  KEY `fk_yupe_store_attribute_group` (`group_id`)
) ENGINE=InnoDB DEFAULT CHARSET=utf8 AUTO_INCREMENT=1 ;

-- --------------------------------------------------------

--
-- Структура таблицы `yupe_store_attribute_group`
--

CREATE TABLE IF NOT EXISTS `yupe_store_attribute_group` (
  `id` int(11) NOT NULL AUTO_INCREMENT,
  `name` varchar(255) NOT NULL,
  `position` int(11) NOT NULL DEFAULT '1',
  PRIMARY KEY (`id`)
) ENGINE=InnoDB DEFAULT CHARSET=utf8 AUTO_INCREMENT=1 ;

-- --------------------------------------------------------

--
-- Структура таблицы `yupe_store_attribute_option`
--

CREATE TABLE IF NOT EXISTS `yupe_store_attribute_option` (
  `id` int(11) NOT NULL AUTO_INCREMENT,
  `attribute_id` int(11) DEFAULT NULL,
  `position` tinyint(4) DEFAULT NULL,
  `value` varchar(255) DEFAULT '',
  PRIMARY KEY (`id`),
  KEY `ix_yupe_store_attribute_option_attribute_id` (`attribute_id`),
  KEY `ix_yupe_store_attribute_option_position` (`position`)
) ENGINE=InnoDB DEFAULT CHARSET=utf8 AUTO_INCREMENT=1 ;

-- --------------------------------------------------------

--
-- Структура таблицы `yupe_store_category`
--

CREATE TABLE IF NOT EXISTS `yupe_store_category` (
  `id` int(11) NOT NULL AUTO_INCREMENT,
  `parent_id` int(11) DEFAULT NULL,
  `slug` varchar(150) NOT NULL,
  `name` varchar(250) NOT NULL,
  `image` varchar(250) DEFAULT NULL,
  `short_description` text,
  `description` text,
  `meta_title` varchar(250) DEFAULT NULL,
  `meta_description` varchar(250) DEFAULT NULL,
  `meta_keywords` varchar(250) DEFAULT NULL,
  `status` tinyint(1) NOT NULL DEFAULT '1',
  `sort` int(11) NOT NULL DEFAULT '1',
  PRIMARY KEY (`id`),
  UNIQUE KEY `ux_yupe_store_category_alias` (`slug`),
  KEY `ix_yupe_store_category_parent_id` (`parent_id`),
  KEY `ix_yupe_store_category_status` (`status`)
) ENGINE=InnoDB DEFAULT CHARSET=utf8 AUTO_INCREMENT=1 ;

-- --------------------------------------------------------

--
-- Структура таблицы `yupe_store_coupon`
--

CREATE TABLE IF NOT EXISTS `yupe_store_coupon` (
  `id` int(11) NOT NULL AUTO_INCREMENT,
  `name` varchar(255) NOT NULL DEFAULT '',
  `code` varchar(255) NOT NULL,
  `type` tinyint(4) NOT NULL DEFAULT '0',
  `value` decimal(10,2) NOT NULL DEFAULT '0.00',
  `min_order_price` decimal(10,2) NOT NULL DEFAULT '0.00',
  `registered_user` tinyint(4) NOT NULL DEFAULT '0',
  `free_shipping` tinyint(4) NOT NULL DEFAULT '0',
  `start_time` datetime DEFAULT NULL,
  `end_time` datetime DEFAULT NULL,
  `quantity` int(11) DEFAULT NULL,
  `quantity_per_user` int(11) DEFAULT NULL,
  `status` tinyint(4) NOT NULL DEFAULT '0',
  PRIMARY KEY (`id`)
) ENGINE=InnoDB DEFAULT CHARSET=utf8 AUTO_INCREMENT=1 ;

-- --------------------------------------------------------

--
-- Структура таблицы `yupe_store_delivery`
--

CREATE TABLE IF NOT EXISTS `yupe_store_delivery` (
  `id` int(11) NOT NULL AUTO_INCREMENT,
  `name` varchar(255) NOT NULL,
  `description` text,
  `price` float(10,2) NOT NULL DEFAULT '0.00',
  `free_from` float(10,2) DEFAULT NULL,
  `available_from` float(10,2) DEFAULT NULL,
  `position` int(11) NOT NULL DEFAULT '1',
  `status` tinyint(4) NOT NULL DEFAULT '1',
  `separate_payment` tinyint(4) DEFAULT '0',
  PRIMARY KEY (`id`),
  KEY `idx_yupe_store_delivery_position` (`position`)
) ENGINE=InnoDB DEFAULT CHARSET=utf8 AUTO_INCREMENT=1 ;

-- --------------------------------------------------------

--
-- Структура таблицы `yupe_store_delivery_payment`
--

CREATE TABLE IF NOT EXISTS `yupe_store_delivery_payment` (
  `delivery_id` int(11) NOT NULL,
  `payment_id` int(11) NOT NULL,
  PRIMARY KEY (`delivery_id`,`payment_id`),
  KEY `fk_yupe_store_delivery_payment_payment` (`payment_id`)
) ENGINE=InnoDB DEFAULT CHARSET=utf8;

-- --------------------------------------------------------

--
-- Структура таблицы `yupe_store_order`
--

CREATE TABLE IF NOT EXISTS `yupe_store_order` (
  `id` int(11) NOT NULL AUTO_INCREMENT,
  `delivery_id` int(11) DEFAULT NULL,
  `delivery_price` decimal(10,2) NOT NULL DEFAULT '0.00',
  `payment_method_id` int(11) DEFAULT NULL,
  `paid` tinyint(4) DEFAULT '0',
  `payment_time` datetime DEFAULT NULL,
  `payment_details` text,
  `total_price` decimal(10,2) NOT NULL DEFAULT '0.00',
  `discount` decimal(10,2) NOT NULL DEFAULT '0.00',
  `coupon_discount` decimal(10,2) NOT NULL DEFAULT '0.00',
  `separate_delivery` tinyint(4) DEFAULT '0',
  `status_id` int(11) DEFAULT NULL,
  `date` datetime DEFAULT NULL,
  `user_id` int(11) DEFAULT NULL,
  `name` varchar(255) NOT NULL DEFAULT '',
  `address` varchar(255) NOT NULL DEFAULT '',
  `phone` varchar(255) NOT NULL DEFAULT '',
  `email` varchar(255) NOT NULL DEFAULT '',
  `comment` varchar(1024) NOT NULL DEFAULT '',
  `ip` varchar(15) DEFAULT NULL,
  `url` varchar(255) DEFAULT NULL,
  `note` varchar(1024) NOT NULL DEFAULT '',
  `modified` datetime DEFAULT NULL,
  PRIMARY KEY (`id`),
  UNIQUE KEY `udx_yupe_store_order_url` (`url`),
  KEY `idx_yupe_store_order_user_id` (`user_id`),
  KEY `idx_yupe_store_order_date` (`date`),
  KEY `idx_yupe_store_order_status` (`status_id`),
  KEY `idx_yupe_store_order_paid` (`paid`),
  KEY `fk_yupe_store_order_delivery` (`delivery_id`),
  KEY `fk_yupe_store_order_payment` (`payment_method_id`)
) ENGINE=InnoDB DEFAULT CHARSET=utf8 AUTO_INCREMENT=1 ;

-- --------------------------------------------------------

--
-- Структура таблицы `yupe_store_order_coupon`
--

CREATE TABLE IF NOT EXISTS `yupe_store_order_coupon` (
  `id` int(11) NOT NULL AUTO_INCREMENT,
  `order_id` int(11) NOT NULL,
  `coupon_id` int(11) NOT NULL,
  `create_time` datetime NOT NULL,
  PRIMARY KEY (`id`),
  KEY `fk_yupe_store_order_coupon_order` (`order_id`),
  KEY `fk_yupe_store_order_coupon_coupon` (`coupon_id`)
) ENGINE=InnoDB DEFAULT CHARSET=utf8 AUTO_INCREMENT=1 ;

-- --------------------------------------------------------

--
-- Структура таблицы `yupe_store_order_product`
--

CREATE TABLE IF NOT EXISTS `yupe_store_order_product` (
  `id` int(11) NOT NULL AUTO_INCREMENT,
  `order_id` int(11) NOT NULL,
  `product_id` int(11) DEFAULT NULL,
  `product_name` varchar(255) NOT NULL,
  `variants` text,
  `variants_text` varchar(1024) DEFAULT NULL,
  `price` decimal(10,2) NOT NULL DEFAULT '0.00',
  `quantity` int(11) NOT NULL DEFAULT '0',
  `sku` varchar(255) DEFAULT NULL,
  PRIMARY KEY (`id`),
  KEY `idx_yupe_store_order_product_order_id` (`order_id`),
  KEY `idx_yupe_store_order_product_product_id` (`product_id`)
) ENGINE=InnoDB DEFAULT CHARSET=utf8 AUTO_INCREMENT=1 ;

-- --------------------------------------------------------

--
-- Структура таблицы `yupe_store_order_status`
--

CREATE TABLE IF NOT EXISTS `yupe_store_order_status` (
  `id` int(11) NOT NULL AUTO_INCREMENT,
  `name` varchar(255) NOT NULL,
  `is_system` tinyint(1) NOT NULL DEFAULT '0',
  PRIMARY KEY (`id`)
) ENGINE=InnoDB  DEFAULT CHARSET=utf8 AUTO_INCREMENT=5 ;

--
-- Дамп данных таблицы `yupe_store_order_status`
--

INSERT INTO `yupe_store_order_status` (`id`, `name`, `is_system`) VALUES
(1, 'Новый', 1),
(2, 'Принят', 1),
(3, 'Выполнен', 1),
(4, 'Удален', 1);

-- --------------------------------------------------------

--
-- Структура таблицы `yupe_store_payment`
--

CREATE TABLE IF NOT EXISTS `yupe_store_payment` (
  `id` int(11) NOT NULL AUTO_INCREMENT,
  `module` varchar(100) NOT NULL,
  `name` varchar(255) NOT NULL,
  `description` text,
  `settings` text,
  `currency_id` int(11) DEFAULT NULL,
  `position` int(11) NOT NULL DEFAULT '1',
  `status` tinyint(4) NOT NULL DEFAULT '1',
  PRIMARY KEY (`id`),
  KEY `idx_yupe_store_payment_position` (`position`)
) ENGINE=InnoDB DEFAULT CHARSET=utf8 AUTO_INCREMENT=1 ;

-- --------------------------------------------------------

--
-- Структура таблицы `yupe_store_producer`
--

CREATE TABLE IF NOT EXISTS `yupe_store_producer` (
  `id` int(11) NOT NULL AUTO_INCREMENT,
  `name_short` varchar(150) NOT NULL,
  `name` varchar(250) NOT NULL,
  `slug` varchar(150) NOT NULL,
  `image` varchar(250) DEFAULT NULL,
  `short_description` text,
  `description` text,
  `meta_title` varchar(250) DEFAULT NULL,
  `meta_keywords` varchar(250) DEFAULT NULL,
  `meta_description` varchar(250) DEFAULT NULL,
  `status` int(11) NOT NULL DEFAULT '1',
  `order` int(11) NOT NULL DEFAULT '0',
  PRIMARY KEY (`id`),
  KEY `ix_yupe_store_producer_slug` (`slug`)
) ENGINE=InnoDB DEFAULT CHARSET=utf8 AUTO_INCREMENT=1 ;

-- --------------------------------------------------------

--
-- Структура таблицы `yupe_store_product`
--

CREATE TABLE IF NOT EXISTS `yupe_store_product` (
  `id` int(11) NOT NULL AUTO_INCREMENT,
  `type_id` int(11) DEFAULT NULL,
  `producer_id` int(11) DEFAULT NULL,
  `category_id` int(11) DEFAULT NULL,
  `sku` varchar(100) DEFAULT NULL,
  `name` varchar(250) NOT NULL,
  `slug` varchar(150) NOT NULL,
  `price` decimal(19,3) NOT NULL DEFAULT '0.000',
  `discount_price` decimal(19,3) DEFAULT NULL,
  `discount` decimal(19,3) DEFAULT NULL,
  `description` text,
  `short_description` text,
  `data` text,
  `is_special` tinyint(1) NOT NULL DEFAULT '0',
  `length` decimal(19,3) DEFAULT NULL,
  `width` decimal(19,3) DEFAULT NULL,
  `height` decimal(19,3) DEFAULT NULL,
  `weight` decimal(19,3) DEFAULT NULL,
  `quantity` int(11) DEFAULT NULL,
  `in_stock` tinyint(4) NOT NULL DEFAULT '1',
  `status` tinyint(4) NOT NULL DEFAULT '1',
  `create_time` datetime NOT NULL,
  `update_time` datetime NOT NULL,
  `meta_title` varchar(250) DEFAULT NULL,
  `meta_keywords` varchar(250) DEFAULT NULL,
  `meta_description` varchar(250) DEFAULT NULL,
  `image` varchar(250) DEFAULT NULL,
  `average_price` decimal(19,3) DEFAULT NULL,
  `purchase_price` decimal(19,3) DEFAULT NULL,
  `recommended_price` decimal(19,3) DEFAULT NULL,
  `position` int(11) NOT NULL DEFAULT '1',
  PRIMARY KEY (`id`),
  UNIQUE KEY `ux_yupe_store_product_alias` (`slug`),
  KEY `ix_yupe_store_product_status` (`status`),
  KEY `ix_yupe_store_product_type_id` (`type_id`),
  KEY `ix_yupe_store_product_producer_id` (`producer_id`),
  KEY `ix_yupe_store_product_price` (`price`),
  KEY `ix_yupe_store_product_discount_price` (`discount_price`),
  KEY `ix_yupe_store_product_create_time` (`create_time`),
  KEY `ix_yupe_store_product_update_time` (`update_time`),
  KEY `fk_yupe_store_product_category` (`category_id`)
) ENGINE=InnoDB DEFAULT CHARSET=utf8 AUTO_INCREMENT=1 ;

-- --------------------------------------------------------

--
-- Структура таблицы `yupe_store_product_attribute_eav`
--

CREATE TABLE IF NOT EXISTS `yupe_store_product_attribute_eav` (
  `product_id` int(11) NOT NULL,
  `attribute` varchar(250) NOT NULL,
  `value` text,
  KEY `ix_yupe_store_product_attribute_eav_product_id` (`product_id`),
  KEY `ix_yupe_store_product_attribute_eav_attribute` (`attribute`)
) ENGINE=InnoDB DEFAULT CHARSET=utf8;

-- --------------------------------------------------------

--
-- Структура таблицы `yupe_store_product_category`
--

CREATE TABLE IF NOT EXISTS `yupe_store_product_category` (
  `id` int(11) NOT NULL AUTO_INCREMENT,
  `product_id` int(11) DEFAULT NULL,
  `category_id` int(11) DEFAULT NULL,
  PRIMARY KEY (`id`),
  KEY `ix_yupe_store_product_category_product_id` (`product_id`),
  KEY `ix_yupe_store_product_category_category_id` (`category_id`)
) ENGINE=InnoDB DEFAULT CHARSET=utf8 AUTO_INCREMENT=1 ;

-- --------------------------------------------------------

--
-- Структура таблицы `yupe_store_product_image`
--

CREATE TABLE IF NOT EXISTS `yupe_store_product_image` (
  `id` int(11) NOT NULL AUTO_INCREMENT,
  `product_id` int(11) NOT NULL,
  `name` varchar(250) NOT NULL,
  `title` varchar(250) DEFAULT NULL,
  PRIMARY KEY (`id`),
  KEY `fk_yupe_store_product_image_product` (`product_id`)
) ENGINE=InnoDB DEFAULT CHARSET=utf8 AUTO_INCREMENT=1 ;

-- --------------------------------------------------------

--
-- Структура таблицы `yupe_store_product_link`
--

CREATE TABLE IF NOT EXISTS `yupe_store_product_link` (
  `id` int(11) NOT NULL AUTO_INCREMENT,
  `type_id` int(11) DEFAULT NULL,
  `product_id` int(11) NOT NULL,
  `linked_product_id` int(11) NOT NULL,
  PRIMARY KEY (`id`),
  UNIQUE KEY `ux_yupe_store_product_link_product` (`product_id`,`linked_product_id`),
  KEY `fk_yupe_store_product_link_linked_product` (`linked_product_id`),
  KEY `fk_yupe_store_product_link_type` (`type_id`)
) ENGINE=InnoDB DEFAULT CHARSET=utf8 AUTO_INCREMENT=1 ;

-- --------------------------------------------------------

--
-- Структура таблицы `yupe_store_product_link_type`
--

CREATE TABLE IF NOT EXISTS `yupe_store_product_link_type` (
  `id` int(11) NOT NULL AUTO_INCREMENT,
  `code` varchar(255) NOT NULL,
  `title` varchar(255) NOT NULL,
  PRIMARY KEY (`id`),
  UNIQUE KEY `ux_yupe_store_product_link_type_code` (`code`),
  UNIQUE KEY `ux_yupe_store_product_link_type_title` (`title`)
) ENGINE=InnoDB  DEFAULT CHARSET=utf8 AUTO_INCREMENT=3 ;

--
-- Дамп данных таблицы `yupe_store_product_link_type`
--

INSERT INTO `yupe_store_product_link_type` (`id`, `code`, `title`) VALUES
(1, 'similar', 'Похожие'),
(2, 'related', 'Сопутствующие');

-- --------------------------------------------------------

--
-- Структура таблицы `yupe_store_product_variant`
--

CREATE TABLE IF NOT EXISTS `yupe_store_product_variant` (
  `id` int(11) NOT NULL AUTO_INCREMENT,
  `product_id` int(11) NOT NULL,
  `attribute_id` int(11) NOT NULL,
  `attribute_value` varchar(255) DEFAULT NULL,
  `amount` float DEFAULT NULL,
  `type` tinyint(4) NOT NULL,
  `sku` varchar(50) DEFAULT NULL,
  `position` int(11) NOT NULL DEFAULT '1',
  PRIMARY KEY (`id`),
  KEY `idx_yupe_store_product_variant_product` (`product_id`),
  KEY `idx_yupe_store_product_variant_attribute` (`attribute_id`),
  KEY `idx_yupe_store_product_variant_value` (`attribute_value`)
) ENGINE=InnoDB DEFAULT CHARSET=utf8 AUTO_INCREMENT=1 ;

-- --------------------------------------------------------

--
-- Структура таблицы `yupe_store_type`
--

CREATE TABLE IF NOT EXISTS `yupe_store_type` (
  `id` int(11) NOT NULL AUTO_INCREMENT,
  `name` varchar(255) NOT NULL,
  `main_category_id` int(11) DEFAULT NULL,
  `categories` text,
  PRIMARY KEY (`id`),
  UNIQUE KEY `ux_yupe_store_type_name` (`name`),
  KEY `fk_yupe_store_type_main_category` (`main_category_id`)
) ENGINE=InnoDB DEFAULT CHARSET=utf8 AUTO_INCREMENT=1 ;

-- --------------------------------------------------------

--
-- Структура таблицы `yupe_store_type_attribute`
--

CREATE TABLE IF NOT EXISTS `yupe_store_type_attribute` (
  `type_id` int(11) NOT NULL,
  `attribute_id` int(11) NOT NULL,
  PRIMARY KEY (`type_id`,`attribute_id`)
) ENGINE=InnoDB DEFAULT CHARSET=utf8;

-- --------------------------------------------------------

--
-- Структура таблицы `yupe_user_tokens`
--

CREATE TABLE IF NOT EXISTS `yupe_user_tokens` (
  `id` int(11) NOT NULL AUTO_INCREMENT,
  `user_id` int(11) NOT NULL,
  `token` varchar(255) DEFAULT NULL,
  `type` int(11) NOT NULL,
  `status` int(11) DEFAULT NULL,
  `create_time` datetime NOT NULL,
  `update_time` datetime DEFAULT NULL,
  `ip` varchar(255) DEFAULT NULL,
  `expire_time` datetime NOT NULL,
  PRIMARY KEY (`id`),
  KEY `ix_yupe_user_tokens_user_id` (`user_id`)
) ENGINE=InnoDB  DEFAULT CHARSET=utf8 AUTO_INCREMENT=7 ;

--
-- Дамп данных таблицы `yupe_user_tokens`
--

INSERT INTO `yupe_user_tokens` (`id`, `user_id`, `token`, `type`, `status`, `create_time`, `update_time`, `ip`, `expire_time`) VALUES
(6, 1, 'Cc3YaSu4xUz413V4dzPzFkkGhwwSyEvn', 4, 0, '2015-11-04 06:55:55', '2015-11-04 06:55:55', '188.242.41.29', '2015-11-11 06:55:55');

-- --------------------------------------------------------

--
-- Структура таблицы `yupe_user_user`
--

CREATE TABLE IF NOT EXISTS `yupe_user_user` (
  `id` int(11) NOT NULL AUTO_INCREMENT,
  `update_time` datetime NOT NULL,
  `first_name` varchar(250) DEFAULT NULL,
  `middle_name` varchar(250) DEFAULT NULL,
  `last_name` varchar(250) DEFAULT NULL,
  `nick_name` varchar(250) NOT NULL,
  `email` varchar(250) NOT NULL,
  `gender` tinyint(1) NOT NULL DEFAULT '0',
  `birth_date` date DEFAULT NULL,
  `site` varchar(250) NOT NULL DEFAULT '',
  `about` varchar(250) NOT NULL DEFAULT '',
  `location` varchar(250) NOT NULL DEFAULT '',
  `status` int(11) NOT NULL DEFAULT '2',
  `access_level` int(11) NOT NULL DEFAULT '0',
  `visit_time` datetime DEFAULT NULL,
  `create_time` datetime NOT NULL,
  `avatar` varchar(150) DEFAULT NULL,
  `hash` varchar(255) NOT NULL DEFAULT '846ba3755fc218d8d1650d533f68d21a0.47423700 1435683832',
  `email_confirm` tinyint(1) NOT NULL DEFAULT '0',
  PRIMARY KEY (`id`),
  UNIQUE KEY `ux_yupe_user_user_nick_name` (`nick_name`),
  UNIQUE KEY `ux_yupe_user_user_email` (`email`),
  KEY `ix_yupe_user_user_status` (`status`)
) ENGINE=InnoDB  DEFAULT CHARSET=utf8 AUTO_INCREMENT=6 ;

--
-- Дамп данных таблицы `yupe_user_user`
--

INSERT INTO `yupe_user_user` (`id`, `update_time`, `first_name`, `middle_name`, `last_name`, `nick_name`, `email`, `gender`, `birth_date`, `site`, `about`, `location`, `status`, `access_level`, `visit_time`, `create_time`, `avatar`, `hash`, `email_confirm`) VALUES
(1, '2015-07-16 22:38:13', '', '', '', 'admin', 'admin@finprotected.com', 0, NULL, '', '', '', 1, 1, '2015-12-14 18:19:14', '2015-06-30 20:06:20', NULL, '$2y$13$SR74V0Dt7YMS/O8nkBIR/eV2RiK/LkFMV1LLJNN51sn4jeEITj7vC', 1),
(4, '2015-07-27 11:22:42', '', '', '', 'Misha', 'ceo.tourin@gmail.com', 1, NULL, '', '', '', 1, 1, '2015-11-01 10:40:13', '2015-07-24 15:59:54', NULL, '$2y$13$M.x7pzI7JzBshcYvHUvDROeAByDwmlQ9NxpWk4URaIF6paH1Agagq', 1),
(5, '2015-08-20 20:13:01', '', '', '', 'Nik', 'gargun@bk.ru', 0, NULL, '', '', '', 1, 0, '2015-08-20 20:13:17', '2015-08-20 20:12:09', NULL, '$2y$13$/YWT.BopJID9vSByhZDRu.nu/eDCYk/GMAByFvHCK4somptHh5d16', 0);

-- --------------------------------------------------------

--
-- Структура таблицы `yupe_user_user_auth_assignment`
--

CREATE TABLE IF NOT EXISTS `yupe_user_user_auth_assignment` (
  `itemname` char(64) NOT NULL,
  `userid` int(11) NOT NULL,
  `bizrule` text,
  `data` text,
  PRIMARY KEY (`itemname`,`userid`),
  KEY `fk_yupe_user_user_auth_assignment_user` (`userid`)
) ENGINE=InnoDB DEFAULT CHARSET=utf8;

--
-- Дамп данных таблицы `yupe_user_user_auth_assignment`
--

INSERT INTO `yupe_user_user_auth_assignment` (`itemname`, `userid`, `bizrule`, `data`) VALUES
('admin', 1, NULL, NULL),
('admin', 4, NULL, NULL),
('Blog.BlogBackend.Create', 4, NULL, NULL),
('Blog.BlogBackend.Index', 4, NULL, NULL),
('Blog.BlogBackend.Update', 4, NULL, NULL),
('Blog.BlogBackend.View', 4, NULL, NULL),
('Blog.PostBackend.Create', 4, NULL, NULL),
('Blog.PostBackend.Index', 4, NULL, NULL),
('Blog.UserToBlogBackend.Create', 4, NULL, NULL),
('Blog.UserToBlogBackend.Index', 4, NULL, NULL),
('Blog.UserToBlogBackend.View', 4, NULL, NULL),
('Page.PageBackend.Create', 4, NULL, NULL),
('Page.PageBackend.Index', 4, NULL, NULL),
('Page.PageBackend.Update', 4, NULL, NULL),
('Page.PageBackend.View', 4, NULL, NULL);

-- --------------------------------------------------------

--
-- Структура таблицы `yupe_user_user_auth_item`
--

CREATE TABLE IF NOT EXISTS `yupe_user_user_auth_item` (
  `name` char(64) NOT NULL,
  `type` int(11) NOT NULL,
  `description` text,
  `bizrule` text,
  `data` text,
  PRIMARY KEY (`name`),
  KEY `ix_yupe_user_user_auth_item_type` (`type`)
) ENGINE=InnoDB DEFAULT CHARSET=utf8;

--
-- Дамп данных таблицы `yupe_user_user_auth_item`
--

INSERT INTO `yupe_user_user_auth_item` (`name`, `type`, `description`, `bizrule`, `data`) VALUES
('admin', 2, 'Администратор', NULL, NULL),
('Blog.BlogBackend.Create', 0, 'Создание блога', NULL, NULL),
('Blog.BlogBackend.Delete', 0, 'Удаление блога', NULL, NULL),
('Blog.BlogBackend.Index', 0, 'Просмотр списка блогов', NULL, NULL),
('Blog.BlogBackend.Update', 0, 'Редактирование блога', NULL, NULL),
('Blog.BlogBackend.View', 0, 'Просмотр блога', NULL, NULL),
('Blog.BlogManager', 1, 'Управление блогами', NULL, NULL),
('Blog.PostBackend.Create', 0, 'Создание записи', NULL, NULL),
('Blog.PostBackend.Delete', 0, 'Удаление записи', NULL, NULL),
('Blog.PostBackend.Index', 0, 'Просмотр списка постов', NULL, NULL),
('Blog.PostBackend.Update', 0, 'Редактирование записи', NULL, NULL),
('Blog.PostBackend.View', 0, 'Просмотр записи', NULL, NULL),
('Blog.UserToBlogBackend.Create', 0, 'Создание участника', NULL, NULL),
('Blog.UserToBlogBackend.Delete', 0, 'Удаление участника', NULL, NULL),
('Blog.UserToBlogBackend.Index', 0, 'Просмотр списка участников', NULL, NULL),
('Blog.UserToBlogBackend.Update', 0, 'Редактирование участника', NULL, NULL),
('Blog.UserToBlogBackend.View', 0, 'Просмотр участника', NULL, NULL),
('ContentBlock.ContentblockBackend.Create', 0, 'Создание блока', NULL, NULL),
('ContentBlock.ContentblockBackend.Delete', 0, 'Удаление блока', NULL, NULL),
('ContentBlock.ContentblockBackend.Index', 0, 'Просмотр списка блоков', NULL, NULL),
('ContentBlock.ContentblockBackend.Update', 0, 'Редактирование блока контента', NULL, NULL),
('ContentBlock.ContentblockBackend.View', 0, 'Просмотр блоков', NULL, NULL),
('ContentBlock.ContentBlockManager', 1, 'Управление блоками', NULL, NULL),
('Page.PageBackend.Create', 0, 'Создание страниц', NULL, NULL),
('Page.PageBackend.Delete', 0, 'Удаление страниц', NULL, NULL),
('Page.PageBackend.Index', 0, 'Просмотр списка страниц', NULL, NULL),
('Page.PageBackend.Update', 0, 'Редактирование страниц', NULL, NULL),
('Page.PageBackend.View', 0, 'Просмотр страниц', NULL, NULL),
('Page.PageManager', 1, 'Управление страницами', NULL, NULL);

-- --------------------------------------------------------

--
-- Структура таблицы `yupe_user_user_auth_item_child`
--

CREATE TABLE IF NOT EXISTS `yupe_user_user_auth_item_child` (
  `parent` char(64) NOT NULL,
  `child` char(64) NOT NULL,
  PRIMARY KEY (`parent`,`child`),
  KEY `fk_yupe_user_user_auth_item_child_child` (`child`)
) ENGINE=InnoDB DEFAULT CHARSET=utf8;

--
-- Дамп данных таблицы `yupe_user_user_auth_item_child`
--

INSERT INTO `yupe_user_user_auth_item_child` (`parent`, `child`) VALUES
('Blog.BlogManager', 'Blog.BlogBackend.Create'),
('Blog.BlogManager', 'Blog.BlogBackend.Delete'),
('Blog.BlogManager', 'Blog.BlogBackend.Index'),
('Blog.BlogManager', 'Blog.BlogBackend.Update'),
('Blog.BlogManager', 'Blog.BlogBackend.View'),
('Blog.BlogManager', 'Blog.PostBackend.Create'),
('Blog.BlogManager', 'Blog.PostBackend.Delete'),
('Blog.BlogManager', 'Blog.PostBackend.Index'),
('Blog.BlogManager', 'Blog.PostBackend.Update'),
('Blog.BlogManager', 'Blog.PostBackend.View'),
('Blog.BlogManager', 'Blog.UserToBlogBackend.Create'),
('Blog.BlogManager', 'Blog.UserToBlogBackend.Delete'),
('Blog.BlogManager', 'Blog.UserToBlogBackend.Index'),
('Blog.BlogManager', 'Blog.UserToBlogBackend.Update'),
('Blog.BlogManager', 'Blog.UserToBlogBackend.View'),
('ContentBlock.ContentBlockManager', 'ContentBlock.ContentblockBackend.Create'),
('ContentBlock.ContentBlockManager', 'ContentBlock.ContentblockBackend.Delete'),
('ContentBlock.ContentBlockManager', 'ContentBlock.ContentblockBackend.Index'),
('ContentBlock.ContentBlockManager', 'ContentBlock.ContentblockBackend.Update'),
('ContentBlock.ContentBlockManager', 'ContentBlock.ContentblockBackend.View'),
('Page.PageManager', 'Page.PageBackend.Create'),
('Page.PageManager', 'Page.PageBackend.Delete'),
('Page.PageManager', 'Page.PageBackend.Index'),
('Page.PageManager', 'Page.PageBackend.Update'),
('Page.PageManager', 'Page.PageBackend.View');

-- --------------------------------------------------------

--
-- Структура таблицы `yupe_yandex_market_export`
--

CREATE TABLE IF NOT EXISTS `yupe_yandex_market_export` (
  `id` int(11) NOT NULL AUTO_INCREMENT,
  `name` varchar(255) NOT NULL,
  `settings` text,
  PRIMARY KEY (`id`)
) ENGINE=InnoDB DEFAULT CHARSET=utf8 AUTO_INCREMENT=1 ;

-- --------------------------------------------------------

--
-- Структура таблицы `yupe_yupe_settings`
--

CREATE TABLE IF NOT EXISTS `yupe_yupe_settings` (
  `id` int(11) NOT NULL AUTO_INCREMENT,
  `module_id` varchar(100) NOT NULL,
  `param_name` varchar(100) NOT NULL,
  `param_value` varchar(255) NOT NULL,
  `create_time` datetime NOT NULL,
  `update_time` datetime NOT NULL,
  `user_id` int(11) DEFAULT NULL,
  `type` int(11) NOT NULL DEFAULT '1',
  PRIMARY KEY (`id`),
  UNIQUE KEY `ux_yupe_yupe_settings_module_id_param_name_user_id` (`module_id`,`param_name`,`user_id`),
  KEY `ix_yupe_yupe_settings_module_id` (`module_id`),
  KEY `ix_yupe_yupe_settings_param_name` (`param_name`),
  KEY `fk_yupe_yupe_settings_user_id` (`user_id`)
) ENGINE=InnoDB  DEFAULT CHARSET=utf8 AUTO_INCREMENT=53 ;

--
-- Дамп данных таблицы `yupe_yupe_settings`
--

INSERT INTO `yupe_yupe_settings` (`id`, `module_id`, `param_name`, `param_value`, `create_time`, `update_time`, `user_id`, `type`) VALUES
(1, 'yupe', 'siteDescription', 'Finprotected', '2015-06-30 20:07:10', '2015-06-30 20:07:10', 1, 1),
(2, 'yupe', 'siteName', 'Finprotected', '2015-06-30 20:07:10', '2015-07-06 12:42:54', 1, 1),
(3, 'yupe', 'siteKeyWords', 'Finprotected', '2015-06-30 20:07:10', '2015-06-30 20:07:10', 1, 1),
(4, 'yupe', 'email', 'gargun@bk.ru', '2015-06-30 20:07:10', '2015-07-16 22:36:46', 1, 1),
(5, 'yupe', 'theme', 'unify', '2015-06-30 20:07:10', '2015-06-30 20:51:48', 1, 1),
(6, 'yupe', 'backendTheme', '', '2015-06-30 20:07:10', '2015-06-30 20:07:10', 1, 1),
(7, 'page', 'pageSize', '10', '2015-07-01 21:23:23', '2015-07-01 21:23:23', 1, 2),
(8, 'menuitem', 'pageSize', '50', '2015-07-03 08:28:15', '2015-07-03 08:28:15', 1, 2),
(9, 'yupe', 'coreCacheTime', '3600', '2015-07-06 12:42:54', '2015-07-06 12:42:54', 1, 1),
(10, 'yupe', 'uploadPath', 'uploads', '2015-07-06 12:42:54', '2015-07-06 12:42:54', 1, 1),
(11, 'yupe', 'editor', 'redactor', '2015-07-06 12:42:54', '2015-07-06 12:42:54', 1, 1),
(12, 'yupe', 'availableLanguages', 'ru,en,zh_cn', '2015-07-06 12:42:54', '2015-07-06 12:42:54', 1, 1),
(13, 'yupe', 'defaultLanguage', 'ru', '2015-07-06 12:42:54', '2015-07-06 12:42:54', 1, 1),
(14, 'yupe', 'defaultBackendLanguage', 'ru', '2015-07-06 12:42:54', '2015-07-06 12:42:54', 1, 1),
(15, 'yupe', 'allowedIp', '', '2015-07-06 12:42:54', '2015-07-06 12:42:54', 1, 1),
(16, 'yupe', 'hidePanelUrls', '0', '2015-07-06 12:42:54', '2015-07-06 12:42:54', 1, 1),
(17, 'yupe', 'logo', 'images/logo.png', '2015-07-06 12:42:54', '2015-07-06 12:42:54', 1, 1),
(18, 'yupe', 'allowedExtensions', 'gif, jpeg, png, jpg, zip, rar', '2015-07-06 12:42:54', '2015-07-06 12:42:54', 1, 1),
(19, 'yupe', 'mimeTypes', 'image/gif, image/jpeg, image/png, application/zip, application/rar', '2015-07-06 12:42:54', '2015-07-06 12:42:54', 1, 1),
(20, 'yupe', 'maxSize', '5242880', '2015-07-06 12:42:54', '2015-07-06 12:42:54', 1, 1),
(21, 'homepage', 'mode', '2', '2015-07-06 12:43:14', '2015-07-06 12:43:14', 1, 1),
(22, 'homepage', 'target', '14', '2015-07-06 12:43:14', '2015-07-06 12:45:09', 1, 1),
(23, 'homepage', 'limit', '', '2015-07-06 12:43:14', '2015-07-06 12:43:14', 1, 1),
(24, 'news', 'editor', 'redactor', '2015-07-16 01:38:59', '2015-07-16 01:38:59', 1, 1),
(25, 'news', 'mainCategory', '1', '2015-07-16 01:38:59', '2015-07-16 01:38:59', 1, 1),
(26, 'news', 'uploadPath', 'news', '2015-07-16 01:38:59', '2015-07-16 01:38:59', 1, 1),
(27, 'news', 'allowedExtensions', 'jpg,jpeg,png,gif', '2015-07-16 01:38:59', '2015-07-16 01:38:59', 1, 1),
(28, 'news', 'minSize', '0', '2015-07-16 01:38:59', '2015-07-16 01:38:59', 1, 1),
(29, 'news', 'maxSize', '5368709120', '2015-07-16 01:38:59', '2015-07-16 01:38:59', 1, 1),
(30, 'news', 'rssCount', '10', '2015-07-16 01:38:59', '2015-07-16 01:38:59', 1, 1),
(31, 'news', 'perPage', '10', '2015-07-16 01:38:59', '2015-07-16 01:43:36', 1, 1),
(32, 'blog', 'editor', 'redactor', '2015-07-16 02:29:03', '2015-07-16 02:29:03', 1, 1),
(33, 'blog', 'mainCategory', '3', '2015-07-16 02:29:03', '2015-07-16 02:29:03', 1, 1),
(34, 'blog', 'mainPostCategory', '6', '2015-07-16 02:29:03', '2015-07-16 02:31:49', 1, 1),
(35, 'blog', 'uploadPath', 'blogs', '2015-07-16 02:29:03', '2015-07-16 02:29:03', 1, 1),
(36, 'blog', 'allowedExtensions', 'jpg,jpeg,png,gif', '2015-07-16 02:29:03', '2015-07-16 02:29:03', 1, 1),
(37, 'blog', 'minSize', '0', '2015-07-16 02:29:03', '2015-07-16 02:29:03', 1, 1),
(38, 'blog', 'maxSize', '5368709120', '2015-07-16 02:29:03', '2015-07-16 02:29:03', 1, 1),
(39, 'blog', 'rssCount', '10', '2015-07-16 02:29:03', '2015-07-16 02:29:03', 1, 1),
(40, 'feedback', 'showCaptcha', '0', '2015-08-09 22:33:59', '2015-08-09 22:33:59', 1, 1),
(41, 'feedback', 'sendConfirmation', '0', '2015-08-09 22:33:59', '2015-08-09 22:33:59', 1, 1),
(42, 'feedback', 'notifyEmailFrom', 'robot@finprotected.com', '2015-08-09 22:33:59', '2015-08-09 22:33:59', 1, 1),
(43, 'feedback', 'emails', 'gargun@bk.ru ', '2015-08-09 22:33:59', '2015-08-09 22:33:59', 1, 1),
(44, 'feedback', 'successPage', '', '2015-08-09 22:33:59', '2015-08-09 22:33:59', 1, 1),
(45, 'feedback', 'cacheTime', '60', '2015-08-09 22:33:59', '2015-08-09 22:33:59', 1, 1),
(46, 'feedback', 'mainCategory', '', '2015-08-09 22:33:59', '2015-08-09 22:33:59', 1, 1),
(47, 'feedback', 'minCaptchaLength', '3', '2015-08-09 22:33:59', '2015-08-09 22:33:59', 1, 1),
(48, 'feedback', 'maxCaptchaLength', '6', '2015-08-09 22:33:59', '2015-08-09 22:33:59', 1, 1),
(49, 'sitemap', 'cacheTime', '12', '2015-08-11 00:30:36', '2015-08-11 00:30:36', 1, 1),
(50, 'blog', 'pageSize', '50', '2015-08-25 00:32:48', '2015-08-25 00:32:48', 4, 2),
(51, 'page', 'pageSize', '50', '2015-10-07 15:00:53', '2015-10-07 15:00:53', 4, 2),
(52, 'post', 'pageSize', '100', '2015-10-08 14:20:34', '2015-10-08 14:20:34', 4, 2);

--
-- Ограничения внешнего ключа сохраненных таблиц
--

--
-- Ограничения внешнего ключа таблицы `yupe_blog_blog`
--
ALTER TABLE `yupe_blog_blog`
  ADD CONSTRAINT `fk_yupe_blog_blog_category_id` FOREIGN KEY (`category_id`) REFERENCES `yupe_category_category` (`id`) ON DELETE SET NULL ON UPDATE NO ACTION,
  ADD CONSTRAINT `fk_yupe_blog_blog_create_user` FOREIGN KEY (`create_user_id`) REFERENCES `yupe_user_user` (`id`) ON DELETE CASCADE ON UPDATE NO ACTION,
  ADD CONSTRAINT `fk_yupe_blog_blog_update_user` FOREIGN KEY (`update_user_id`) REFERENCES `yupe_user_user` (`id`) ON DELETE NO ACTION ON UPDATE NO ACTION;

--
-- Ограничения внешнего ключа таблицы `yupe_blog_post`
--
ALTER TABLE `yupe_blog_post`
  ADD CONSTRAINT `fk_yupe_blog_post_blog` FOREIGN KEY (`blog_id`) REFERENCES `yupe_blog_blog` (`id`) ON DELETE CASCADE ON UPDATE NO ACTION,
  ADD CONSTRAINT `fk_yupe_blog_post_category_id` FOREIGN KEY (`category_id`) REFERENCES `yupe_category_category` (`id`) ON DELETE SET NULL ON UPDATE NO ACTION,
  ADD CONSTRAINT `fk_yupe_blog_post_create_user` FOREIGN KEY (`create_user_id`) REFERENCES `yupe_user_user` (`id`) ON DELETE CASCADE ON UPDATE NO ACTION,
  ADD CONSTRAINT `fk_yupe_blog_post_update_user` FOREIGN KEY (`update_user_id`) REFERENCES `yupe_user_user` (`id`) ON DELETE NO ACTION ON UPDATE NO ACTION;

--
-- Ограничения внешнего ключа таблицы `yupe_blog_post_to_tag`
--
ALTER TABLE `yupe_blog_post_to_tag`
  ADD CONSTRAINT `fk_yupe_blog_post_to_tag_post_id` FOREIGN KEY (`post_id`) REFERENCES `yupe_blog_post` (`id`) ON DELETE CASCADE ON UPDATE NO ACTION,
  ADD CONSTRAINT `fk_yupe_blog_post_to_tag_tag_id` FOREIGN KEY (`tag_id`) REFERENCES `yupe_blog_tag` (`id`) ON DELETE CASCADE ON UPDATE NO ACTION;

--
-- Ограничения внешнего ключа таблицы `yupe_blog_user_to_blog`
--
ALTER TABLE `yupe_blog_user_to_blog`
  ADD CONSTRAINT `fk_yupe_blog_user_to_blog_blog_user_to_blog_blog_id` FOREIGN KEY (`blog_id`) REFERENCES `yupe_blog_blog` (`id`) ON DELETE CASCADE ON UPDATE NO ACTION,
  ADD CONSTRAINT `fk_yupe_blog_user_to_blog_blog_user_to_blog_user_id` FOREIGN KEY (`user_id`) REFERENCES `yupe_user_user` (`id`) ON DELETE CASCADE ON UPDATE NO ACTION;

--
-- Ограничения внешнего ключа таблицы `yupe_catalog_good`
--
ALTER TABLE `yupe_catalog_good`
  ADD CONSTRAINT `fk_yupe_catalog_good_category` FOREIGN KEY (`category_id`) REFERENCES `yupe_category_category` (`id`) ON DELETE SET NULL ON UPDATE NO ACTION,
  ADD CONSTRAINT `fk_yupe_catalog_good_change_user` FOREIGN KEY (`change_user_id`) REFERENCES `yupe_user_user` (`id`) ON DELETE SET NULL ON UPDATE NO ACTION,
  ADD CONSTRAINT `fk_yupe_catalog_good_user` FOREIGN KEY (`user_id`) REFERENCES `yupe_user_user` (`id`) ON DELETE SET NULL ON UPDATE NO ACTION;

--
-- Ограничения внешнего ключа таблицы `yupe_category_category`
--
ALTER TABLE `yupe_category_category`
  ADD CONSTRAINT `fk_yupe_category_category_parent_id` FOREIGN KEY (`parent_id`) REFERENCES `yupe_category_category` (`id`) ON DELETE SET NULL ON UPDATE NO ACTION;

--
-- Ограничения внешнего ключа таблицы `yupe_comment_comment`
--
ALTER TABLE `yupe_comment_comment`
  ADD CONSTRAINT `fk_yupe_comment_comment_parent_id` FOREIGN KEY (`parent_id`) REFERENCES `yupe_comment_comment` (`id`) ON DELETE CASCADE ON UPDATE NO ACTION,
  ADD CONSTRAINT `fk_yupe_comment_comment_user_id` FOREIGN KEY (`user_id`) REFERENCES `yupe_user_user` (`id`) ON DELETE CASCADE ON UPDATE NO ACTION;

--
-- Ограничения внешнего ключа таблицы `yupe_dictionary_dictionary_data`
--
ALTER TABLE `yupe_dictionary_dictionary_data`
  ADD CONSTRAINT `fk_yupe_dictionary_dictionary_data_create_user_id` FOREIGN KEY (`create_user_id`) REFERENCES `yupe_user_user` (`id`) ON DELETE SET NULL ON UPDATE NO ACTION,
  ADD CONSTRAINT `fk_yupe_dictionary_dictionary_data_data_group_id` FOREIGN KEY (`group_id`) REFERENCES `yupe_dictionary_dictionary_group` (`id`) ON DELETE CASCADE ON UPDATE NO ACTION,
  ADD CONSTRAINT `fk_yupe_dictionary_dictionary_data_update_user_id` FOREIGN KEY (`update_user_id`) REFERENCES `yupe_user_user` (`id`) ON DELETE SET NULL ON UPDATE NO ACTION;

--
-- Ограничения внешнего ключа таблицы `yupe_dictionary_dictionary_group`
--
ALTER TABLE `yupe_dictionary_dictionary_group`
  ADD CONSTRAINT `fk_yupe_dictionary_dictionary_group_create_user_id` FOREIGN KEY (`create_user_id`) REFERENCES `yupe_user_user` (`id`) ON DELETE SET NULL ON UPDATE NO ACTION,
  ADD CONSTRAINT `fk_yupe_dictionary_dictionary_group_update_user_id` FOREIGN KEY (`update_user_id`) REFERENCES `yupe_user_user` (`id`) ON DELETE SET NULL ON UPDATE NO ACTION;

--
-- Ограничения внешнего ключа таблицы `yupe_feedback_feedback`
--
ALTER TABLE `yupe_feedback_feedback`
  ADD CONSTRAINT `fk_yupe_feedback_feedback_answer_user` FOREIGN KEY (`answer_user`) REFERENCES `yupe_user_user` (`id`) ON DELETE SET NULL ON UPDATE NO ACTION,
  ADD CONSTRAINT `fk_yupe_feedback_feedback_category` FOREIGN KEY (`category_id`) REFERENCES `yupe_category_category` (`id`) ON DELETE SET NULL ON UPDATE NO ACTION;

--
-- Ограничения внешнего ключа таблицы `yupe_gallery_gallery`
--
ALTER TABLE `yupe_gallery_gallery`
  ADD CONSTRAINT `fk_yupe_gallery_gallery_owner` FOREIGN KEY (`owner`) REFERENCES `yupe_user_user` (`id`) ON DELETE SET NULL ON UPDATE NO ACTION;

--
-- Ограничения внешнего ключа таблицы `yupe_gallery_image_to_gallery`
--
ALTER TABLE `yupe_gallery_image_to_gallery`
  ADD CONSTRAINT `fk_yupe_gallery_image_to_gallery_gallery_to_image_gallery` FOREIGN KEY (`gallery_id`) REFERENCES `yupe_gallery_gallery` (`id`) ON DELETE CASCADE ON UPDATE NO ACTION,
  ADD CONSTRAINT `fk_yupe_gallery_image_to_gallery_gallery_to_image_image` FOREIGN KEY (`image_id`) REFERENCES `yupe_image_image` (`id`) ON DELETE CASCADE ON UPDATE NO ACTION;

--
-- Ограничения внешнего ключа таблицы `yupe_image_image`
--
ALTER TABLE `yupe_image_image`
  ADD CONSTRAINT `fk_yupe_image_image_category_id` FOREIGN KEY (`category_id`) REFERENCES `yupe_category_category` (`id`) ON DELETE SET NULL ON UPDATE NO ACTION,
  ADD CONSTRAINT `fk_yupe_image_image_parent_id` FOREIGN KEY (`parent_id`) REFERENCES `yupe_image_image` (`id`) ON DELETE SET NULL ON UPDATE NO ACTION,
  ADD CONSTRAINT `fk_yupe_image_image_user_id` FOREIGN KEY (`user_id`) REFERENCES `yupe_user_user` (`id`) ON DELETE SET NULL ON UPDATE NO ACTION;

--
-- Ограничения внешнего ключа таблицы `yupe_mail_mail_template`
--
ALTER TABLE `yupe_mail_mail_template`
  ADD CONSTRAINT `fk_yupe_mail_mail_template_event_id` FOREIGN KEY (`event_id`) REFERENCES `yupe_mail_mail_event` (`id`) ON DELETE CASCADE ON UPDATE NO ACTION;

--
-- Ограничения внешнего ключа таблицы `yupe_menu_menu_item`
--
ALTER TABLE `yupe_menu_menu_item`
  ADD CONSTRAINT `fk_yupe_menu_menu_item_menu_id` FOREIGN KEY (`menu_id`) REFERENCES `yupe_menu_menu` (`id`) ON DELETE CASCADE ON UPDATE CASCADE;

--
-- Ограничения внешнего ключа таблицы `yupe_news_news`
--
ALTER TABLE `yupe_news_news`
  ADD CONSTRAINT `fk_yupe_news_news_category_id` FOREIGN KEY (`category_id`) REFERENCES `yupe_category_category` (`id`) ON DELETE SET NULL ON UPDATE NO ACTION,
  ADD CONSTRAINT `fk_yupe_news_news_user_id` FOREIGN KEY (`user_id`) REFERENCES `yupe_user_user` (`id`) ON DELETE SET NULL ON UPDATE NO ACTION;

--
-- Ограничения внешнего ключа таблицы `yupe_notify_settings`
--
ALTER TABLE `yupe_notify_settings`
  ADD CONSTRAINT `fk_yupe_notify_settings_user_id` FOREIGN KEY (`user_id`) REFERENCES `yupe_user_user` (`id`) ON DELETE CASCADE ON UPDATE NO ACTION;

--
-- Ограничения внешнего ключа таблицы `yupe_page_page`
--
ALTER TABLE `yupe_page_page`
  ADD CONSTRAINT `fk_yupe_page_page_category_id` FOREIGN KEY (`category_id`) REFERENCES `yupe_category_category` (`id`) ON DELETE SET NULL ON UPDATE NO ACTION,
  ADD CONSTRAINT `fk_yupe_page_page_change_user_id` FOREIGN KEY (`change_user_id`) REFERENCES `yupe_user_user` (`id`) ON DELETE SET NULL ON UPDATE NO ACTION,
  ADD CONSTRAINT `fk_yupe_page_page_user_id` FOREIGN KEY (`user_id`) REFERENCES `yupe_user_user` (`id`) ON DELETE SET NULL ON UPDATE NO ACTION;

--
-- Ограничения внешнего ключа таблицы `yupe_social_user`
--
ALTER TABLE `yupe_social_user`
  ADD CONSTRAINT `fk_yupe_social_user_user_id` FOREIGN KEY (`user_id`) REFERENCES `yupe_user_user` (`id`) ON DELETE CASCADE ON UPDATE CASCADE;

--
-- Ограничения внешнего ключа таблицы `yupe_store_attribute`
--
ALTER TABLE `yupe_store_attribute`
  ADD CONSTRAINT `fk_yupe_store_attribute_group` FOREIGN KEY (`group_id`) REFERENCES `yupe_store_attribute_group` (`id`) ON DELETE CASCADE ON UPDATE CASCADE;

--
-- Ограничения внешнего ключа таблицы `yupe_store_attribute_option`
--
ALTER TABLE `yupe_store_attribute_option`
  ADD CONSTRAINT `fk_yupe_store_attribute_option_attribute` FOREIGN KEY (`attribute_id`) REFERENCES `yupe_store_attribute` (`id`) ON DELETE CASCADE ON UPDATE CASCADE;

--
-- Ограничения внешнего ключа таблицы `yupe_store_category`
--
ALTER TABLE `yupe_store_category`
  ADD CONSTRAINT `fk_yupe_store_category_parent` FOREIGN KEY (`parent_id`) REFERENCES `yupe_store_category` (`id`) ON DELETE CASCADE ON UPDATE CASCADE;

--
-- Ограничения внешнего ключа таблицы `yupe_store_delivery_payment`
--
ALTER TABLE `yupe_store_delivery_payment`
  ADD CONSTRAINT `fk_yupe_store_delivery_payment_delivery` FOREIGN KEY (`delivery_id`) REFERENCES `yupe_store_delivery` (`id`) ON DELETE CASCADE ON UPDATE CASCADE,
  ADD CONSTRAINT `fk_yupe_store_delivery_payment_payment` FOREIGN KEY (`payment_id`) REFERENCES `yupe_store_payment` (`id`) ON DELETE CASCADE ON UPDATE CASCADE;

--
-- Ограничения внешнего ключа таблицы `yupe_store_order`
--
ALTER TABLE `yupe_store_order`
  ADD CONSTRAINT `fk_yupe_store_order_delivery` FOREIGN KEY (`delivery_id`) REFERENCES `yupe_store_delivery` (`id`) ON DELETE SET NULL ON UPDATE CASCADE,
  ADD CONSTRAINT `fk_yupe_store_order_payment` FOREIGN KEY (`payment_method_id`) REFERENCES `yupe_store_payment` (`id`) ON DELETE SET NULL ON UPDATE CASCADE,
  ADD CONSTRAINT `fk_yupe_store_order_status` FOREIGN KEY (`status_id`) REFERENCES `yupe_store_order_status` (`id`) ON DELETE SET NULL ON UPDATE CASCADE,
  ADD CONSTRAINT `fk_yupe_store_order_user` FOREIGN KEY (`user_id`) REFERENCES `yupe_user_user` (`id`) ON DELETE SET NULL ON UPDATE CASCADE;

--
-- Ограничения внешнего ключа таблицы `yupe_store_order_coupon`
--
ALTER TABLE `yupe_store_order_coupon`
  ADD CONSTRAINT `fk_yupe_store_order_coupon_coupon` FOREIGN KEY (`coupon_id`) REFERENCES `yupe_store_coupon` (`id`) ON DELETE CASCADE,
  ADD CONSTRAINT `fk_yupe_store_order_coupon_order` FOREIGN KEY (`order_id`) REFERENCES `yupe_store_order` (`id`) ON DELETE CASCADE;

--
-- Ограничения внешнего ключа таблицы `yupe_store_order_product`
--
ALTER TABLE `yupe_store_order_product`
  ADD CONSTRAINT `fk_yupe_store_order_product_order` FOREIGN KEY (`order_id`) REFERENCES `yupe_store_order` (`id`) ON DELETE CASCADE ON UPDATE CASCADE,
  ADD CONSTRAINT `fk_yupe_store_order_product_product` FOREIGN KEY (`product_id`) REFERENCES `yupe_store_product` (`id`) ON DELETE SET NULL ON UPDATE CASCADE;

--
-- Ограничения внешнего ключа таблицы `yupe_store_product`
--
ALTER TABLE `yupe_store_product`
  ADD CONSTRAINT `fk_yupe_store_product_category` FOREIGN KEY (`category_id`) REFERENCES `yupe_store_category` (`id`) ON DELETE SET NULL ON UPDATE CASCADE,
  ADD CONSTRAINT `fk_yupe_store_product_producer` FOREIGN KEY (`producer_id`) REFERENCES `yupe_store_producer` (`id`) ON DELETE SET NULL ON UPDATE CASCADE,
  ADD CONSTRAINT `fk_yupe_store_product_type` FOREIGN KEY (`type_id`) REFERENCES `yupe_store_type` (`id`) ON DELETE SET NULL ON UPDATE CASCADE;

--
-- Ограничения внешнего ключа таблицы `yupe_store_product_attribute_eav`
--
ALTER TABLE `yupe_store_product_attribute_eav`
  ADD CONSTRAINT `fk_yupe_store_product_attribute_eav_attribute` FOREIGN KEY (`attribute`) REFERENCES `yupe_store_attribute` (`name`) ON DELETE CASCADE ON UPDATE CASCADE,
  ADD CONSTRAINT `fk_yupe_store_product_attribute_eav_product` FOREIGN KEY (`product_id`) REFERENCES `yupe_store_product` (`id`) ON DELETE CASCADE ON UPDATE CASCADE;

--
-- Ограничения внешнего ключа таблицы `yupe_store_product_category`
--
ALTER TABLE `yupe_store_product_category`
  ADD CONSTRAINT `fk_yupe_store_product_category_category` FOREIGN KEY (`category_id`) REFERENCES `yupe_store_category` (`id`) ON DELETE CASCADE ON UPDATE CASCADE,
  ADD CONSTRAINT `fk_yupe_store_product_category_product` FOREIGN KEY (`product_id`) REFERENCES `yupe_store_product` (`id`) ON DELETE CASCADE ON UPDATE CASCADE;

--
-- Ограничения внешнего ключа таблицы `yupe_store_product_image`
--
ALTER TABLE `yupe_store_product_image`
  ADD CONSTRAINT `fk_yupe_store_product_image_product` FOREIGN KEY (`product_id`) REFERENCES `yupe_store_product` (`id`) ON DELETE CASCADE ON UPDATE CASCADE;

--
-- Ограничения внешнего ключа таблицы `yupe_store_product_link`
--
ALTER TABLE `yupe_store_product_link`
  ADD CONSTRAINT `fk_yupe_store_product_link_linked_product` FOREIGN KEY (`linked_product_id`) REFERENCES `yupe_store_product` (`id`) ON DELETE CASCADE ON UPDATE CASCADE,
  ADD CONSTRAINT `fk_yupe_store_product_link_product` FOREIGN KEY (`product_id`) REFERENCES `yupe_store_product` (`id`) ON DELETE CASCADE ON UPDATE CASCADE,
  ADD CONSTRAINT `fk_yupe_store_product_link_type` FOREIGN KEY (`type_id`) REFERENCES `yupe_store_product_link_type` (`id`) ON DELETE CASCADE ON UPDATE CASCADE;

--
-- Ограничения внешнего ключа таблицы `yupe_store_product_variant`
--
ALTER TABLE `yupe_store_product_variant`
  ADD CONSTRAINT `fk_yupe_store_product_variant_attribute` FOREIGN KEY (`attribute_id`) REFERENCES `yupe_store_attribute` (`id`) ON DELETE CASCADE ON UPDATE CASCADE,
  ADD CONSTRAINT `fk_yupe_store_product_variant_product` FOREIGN KEY (`product_id`) REFERENCES `yupe_store_product` (`id`) ON DELETE CASCADE ON UPDATE CASCADE;

--
-- Ограничения внешнего ключа таблицы `yupe_store_type`
--
ALTER TABLE `yupe_store_type`
  ADD CONSTRAINT `fk_yupe_store_type_main_category` FOREIGN KEY (`main_category_id`) REFERENCES `yupe_store_category` (`id`) ON DELETE SET NULL ON UPDATE CASCADE;

--
-- Ограничения внешнего ключа таблицы `yupe_store_type_attribute`
--
ALTER TABLE `yupe_store_type_attribute`
  ADD CONSTRAINT `fk_yupe_store_type_attribute_type` FOREIGN KEY (`type_id`) REFERENCES `yupe_store_type` (`id`) ON DELETE CASCADE ON UPDATE CASCADE;

--
-- Ограничения внешнего ключа таблицы `yupe_user_tokens`
--
ALTER TABLE `yupe_user_tokens`
  ADD CONSTRAINT `fk_yupe_user_tokens_user_id` FOREIGN KEY (`user_id`) REFERENCES `yupe_user_user` (`id`) ON DELETE CASCADE ON UPDATE CASCADE;

--
-- Ограничения внешнего ключа таблицы `yupe_user_user_auth_assignment`
--
ALTER TABLE `yupe_user_user_auth_assignment`
  ADD CONSTRAINT `fk_yupe_user_user_auth_assignment_item` FOREIGN KEY (`itemname`) REFERENCES `yupe_user_user_auth_item` (`name`) ON DELETE CASCADE ON UPDATE CASCADE,
  ADD CONSTRAINT `fk_yupe_user_user_auth_assignment_user` FOREIGN KEY (`userid`) REFERENCES `yupe_user_user` (`id`) ON DELETE CASCADE ON UPDATE CASCADE;

--
-- Ограничения внешнего ключа таблицы `yupe_user_user_auth_item_child`
--
ALTER TABLE `yupe_user_user_auth_item_child`
  ADD CONSTRAINT `fk_yupe_user_user_auth_itemchild_parent` FOREIGN KEY (`parent`) REFERENCES `yupe_user_user_auth_item` (`name`) ON DELETE CASCADE ON UPDATE CASCADE,
  ADD CONSTRAINT `fk_yupe_user_user_auth_item_child_child` FOREIGN KEY (`child`) REFERENCES `yupe_user_user_auth_item` (`name`) ON DELETE CASCADE ON UPDATE CASCADE;

--
-- Ограничения внешнего ключа таблицы `yupe_yupe_settings`
--
ALTER TABLE `yupe_yupe_settings`
  ADD CONSTRAINT `fk_yupe_yupe_settings_user_id` FOREIGN KEY (`user_id`) REFERENCES `yupe_user_user` (`id`) ON DELETE SET NULL ON UPDATE NO ACTION;

/*!40101 SET CHARACTER_SET_CLIENT=@OLD_CHARACTER_SET_CLIENT */;
/*!40101 SET CHARACTER_SET_RESULTS=@OLD_CHARACTER_SET_RESULTS */;
/*!40101 SET COLLATION_CONNECTION=@OLD_COLLATION_CONNECTION */;
